Abelmoschus_manihot,0,0,0,-1,0,NA,0,0,0,1,0,0,-1,NA,NA,1,NA,1,NA,0,0,NA,-1,1,-1,-1,NA,-1,-1,NA,2,2,NA,1,-2,0,1,NA,1,0,-1,1,0,NA,NA,0,0,0,0
Abies_fraseri,0,NA,0,NA,0,NA,0,0,1,1,0,1,NA,-1,NA,-1,NA,1,NA,0,0,1,-1,1,-1,1,-1,-1,NA,-1,0,2,1,0,-2,NA,1,1,1,0,1,-1,0,NA,NA,0,0,0,0
Abies_grandis,0,NA,0,-1,0,NA,0,1,1,1,0,1,-1,-1,-1,NA,NA,1,0,0,NA,1,-1,1,-1,1,NA,-1,1,-1,0,2,1,0,-2,NA,1,1,NA,0,-1,-1,0,NA,NA,0,0,0,0
Abies_guatemalensis,0,NA,0,-1,0,NA,0,NA,NA,1,0,1,-1,-1,NA,-1,NA,0,0,0,0,1,-1,1,-1,1,-1,-1,NA,NA,0,1,1,1,0,0,1,NA,NA,0,-1,-1,0,NA,NA,0,0,0,0
Abies_nordmanniana,0,NA,0,NA,0,NA,0,1,1,1,0,1,NA,-1,NA,-1,NA,1,0,0,0,1,-1,1,-1,1,-1,-1,NA,-1,0,2,1,0,-2,0,1,1,1,0,-1,-1,0,NA,NA,0,0,0,0
Abies_procera,0,NA,0,-1,0,NA,0,NA,0,1,0,1,NA,-1,NA,1,NA,1,0,0,NA,1,-1,1,-1,1,-1,-1,-1,NA,0,2,1,0,-2,0,1,1,1,0,-1,-1,0,NA,NA,0,0,0,0
Abies_religiosa,0,NA,0,-1,0,NA,0,NA,1,0,0,1,NA,-1,NA,-1,NA,0,0,0,0,1,-1,1,-1,1,-1,-1,NA,NA,0,1,1,0,0,0,1,NA,NA,0,-1,-1,0,NA,NA,0,0,0,0
Abutilon_grandifolium_PMC,0,NA,0,NA,NA,NA,0,NA,0,0,0,NA,-1,NA,NA,NA,NA,1,1,0,0,1,1,1,-1,-1,NA,-1,NA,NA,2,2,0,1,-2,0,1,NA,NA,NA,-1,1,0,NA,NA,0,0,0,0
Acacia_cochliacantha,1,0,0,NA,0,NA,0,1,0,NA,0,1,NA,1,NA,1,NA,0,0,2,0,1,-1,-1,-1,-1,-1,NA,-1,1,2,2,1,1,0,0,1,1,NA,0,-1,0,0,NA,NA,0,0,1,0
Acacia_dealbata,0,NA,0,-1,0,1,NA,NA,NA,1,0,1,1,1,-1,1,NA,1,1,2,2,1,1,1,-1,NA,1,1,1,1,1,2,1,1,-2,0,1,1,1,0,1,-1,0,NA,NA,0,0,1,0
Acacia_insuavis,1,NA,0,NA,NA,NA,0,NA,NA,NA,1,NA,NA,NA,NA,NA,NA,-1,NA,0,0,1,NA,1,NA,NA,NA,-1,-1,NA,2,2,0,1,-1,0,1,NA,NA,0,NA,NA,0,NA,NA,0,0,1,0
Acacia_podalyriifolia_PMC,0,NA,0,NA,0,NA,0,NA,0,0,0,NA,-1,1,NA,1,NA,1,NA,NA,2,1,NA,1,-1,-1,NA,1,1,NA,2,2,0,1,-2,0,1,1,NA,0,-1,0,0,NA,NA,0,0,NA,0
Acacia_retinodes_PMC,0,NA,0,NA,0,NA,0,NA,0,1,0,NA,NA,1,NA,1,NA,1,1,0,NA,1,-1,1,-1,-1,NA,1,1,NA,1,2,0,1,-2,0,1,NA,NA,0,-1,NA,0,NA,NA,0,0,1,0
Acacia_robusta,1,NA,0,-1,NA,NA,0,NA,NA,1,0,NA,NA,1,NA,1,NA,1,0,NA,NA,1,-1,1,-1,-1,NA,-1,-1,1,2,2,1,1,NA,0,1,NA,NA,0,-1,NA,0,NA,NA,0,0,1,0
Acacia_saligna,0,0,0,-1,0,NA,0,NA,NA,1,0,1,1,1,-1,1,NA,1,0,0,2,1,1,1,-1,-1,1,1,1,1,2,2,1,0,-2,0,1,NA,-1,0,1,-1,0,NA,NA,0,0,1,0
Acca_sellowiana_PMC,0,NA,0,NA,0,NA,0,NA,NA,1,0,NA,1,NA,-1,NA,NA,1,0,0,0,0,NA,1,-1,-1,NA,1,-1,1,2,2,NA,1,-2,0,1,NA,NA,0,NA,0,0,NA,NA,0,0,0,0
Acer_rubrum,0,0,0,-1,1,1,0,0,1,1,0,0,1,1,1,1,NA,1,1,NA,0,1,-1,1,-1,1,-1,-1,1,-1,0,1,1,0,-2,0,1,1,-1,0,-1,-1,0,NA,NA,0,0,0,0
Acnistus_arborescens,0,NA,0,-1,0,0,NA,0,0,1,0,NA,-1,NA,NA,NA,NA,-1,0,0,0,0,NA,1,-1,-1,-1,1,-1,1,2,2,0,1,-1,0,1,1,1,0,1,0,0,NA,NA,0,0,0,0
Acokanthera_schimperi,0,NA,0,NA,1,NA,1,NA,NA,1,0,NA,NA,-1,NA,1,NA,0,0,0,0,0,NA,1,-1,-1,NA,1,-1,1,2,2,1,1,0,0,1,NA,NA,0,NA,NA,0,NA,NA,0,0,0,0
Acrocomia_aculeata,1,NA,0,-1,0,0,0,0,0,1,0,NA,NA,1,NA,1,NA,1,0,0,0,0,NA,1,-1,-1,NA,-1,-1,1,2,2,0,1,0,0,1,NA,1,0,NA,-1,0,NA,NA,0,0,0,0
Actinidia_polygama,0,NA,0,NA,0,NA,0,NA,NA,1,1,0,-1,NA,NA,NA,NA,0,0,0,0,1,-1,1,-1,-1,NA,1,-1,1,0,1,1,0,0,0,1,NA,-1,0,NA,NA,0,NA,NA,0,0,0,0
Actinorhytis_calapparia,0,NA,0,NA,0,NA,0,0,1,0,0,0,-1,NA,NA,NA,NA,1,0,0,0,0,-1,1,-1,-1,NA,NA,NA,1,2,2,0,1,-2,0,1,-1,NA,0,-1,NA,0,NA,NA,0,0,0,0
Adiantum_raddianum_CGC,0,0,0,NA,0,0,0,0,1,0,0,0,1,NA,NA,-1,NA,1,0,0,2,1,1,1,NA,1,1,-1,-1,NA,2,2,1,1,-2,0,1,NA,NA,0,1,NA,0,NA,NA,0,0,0,0
Aegle_marmelos,1,NA,0,-1,0,NA,NA,NA,1,1,0,0,-1,-1,NA,1,NA,NA,0,0,0,0,-1,1,-1,-1,NA,NA,NA,1,2,2,1,1,-2,0,1,NA,1,0,1,-1,0,NA,NA,0,0,0,0
Aiphanes_horrida,1,NA,0,NA,0,NA,0,0,1,1,0,NA,NA,NA,NA,NA,NA,1,0,0,0,0,-1,1,-1,-1,NA,1,-1,1,2,2,1,1,-2,0,1,NA,NA,0,NA,NA,0,NA,NA,0,0,0,0
Ajania_pacifica,0,NA,0,NA,0,NA,0,0,NA,1,0,NA,NA,NA,NA,1,NA,-2,0,0,0,0,NA,1,-1,NA,NA,-1,NA,NA,0,2,1,0,-2,0,1,NA,-1,0,1,0,0,NA,NA,0,0,0,0
Albizia_adianthifolia,0,0,0,-1,0,NA,0,0,1,1,0,0,NA,NA,NA,1,NA,1,1,0,0,1,-1,1,-1,1,-1,-1,-1,NA,2,2,1,1,0,0,1,1,NA,0,-1,NA,0,NA,NA,0,0,1,0
Albizia_julibrissin_PMC,0,NA,0,-1,0,1,0,NA,0,1,0,1,1,1,-1,1,NA,1,0,0,2,1,1,1,-1,1,1,-1,-1,NA,2,2,1,1,-2,0,1,1,-1,0,1,0,0,NA,NA,0,0,1,0
Albizia_niopoides,0,0,0,-1,0,NA,0,0,0,1,0,0,NA,1,-1,1,NA,1,NA,0,0,1,-1,1,-1,1,NA,-1,-1,NA,2,2,1,1,-2,0,1,NA,NA,0,-1,NA,0,NA,NA,0,0,1,0
Allagoptera_arenaria,0,0,0,NA,0,NA,0,NA,0,1,0,1,-1,NA,NA,1,NA,-2,0,0,0,0,-1,1,-1,-1,-1,NA,1,1,2,2,0,1,-2,0,1,NA,1,0,1,-1,0,NA,NA,0,0,0,0
Allamanda_schotti_PMC,1,NA,0,NA,0,NA,1,NA,NA,1,NA,NA,NA,NA,NA,NA,NA,1,0,0,0,1,-1,1,-1,-1,NA,NA,1,NA,2,2,0,1,-2,0,1,NA,NA,0,NA,NA,0,NA,NA,0,0,0,0
Allophylus_cobbe,0,0,0,NA,NA,0,0,0,1,1,1,0,-1,NA,NA,1,NA,1,1,0,0,0,-1,1,-1,-1,-1,1,-1,1,2,2,1,1,0,0,1,NA,1,0,1,-1,0,NA,NA,0,0,0,0
Aloysia_citrodora,0,0,0,NA,0,0,0,0,0,0,0,0,-1,NA,NA,1,NA,1,NA,0,0,1,-1,1,NA,-1,-1,-1,-1,NA,2,2,0,1,-2,0,1,NA,NA,0,-1,-1,0,NA,NA,0,0,0,0
Amaranthus_tricolor,0,NA,0,NA,0,NA,0,0,0,1,0,0,NA,NA,NA,NA,NA,1,1,0,0,1,1,1,-1,-1,NA,NA,1,1,2,2,1,1,-2,0,1,NA,1,0,NA,1,0,NA,NA,0,0,0,0
Andropogon_bicornis_PMC,0,NA,0,1,0,NA,NA,1,NA,1,0,1,NA,NA,NA,1,NA,0,0,2,0,1,1,-1,NA,1,1,-1,-1,1,2,2,1,1,0,0,1,1,1,0,NA,NA,0,NA,NA,0,1,0,0
Anemone_hupehensis_PMC,0,NA,0,1,1,NA,1,0,1,0,0,NA,NA,NA,NA,NA,NA,1,0,0,2,0,NA,1,-1,1,-1,-1,-1,NA,0,2,1,1,-2,NA,1,NA,NA,0,1,0,0,NA,NA,0,0,0,1
Anigozanthos_flavidus,0,NA,0,NA,0,0,0,NA,0,1,0,1,-1,NA,NA,1,NA,1,1,0,2,NA,1,1,NA,1,NA,-1,-1,NA,1,2,0,0,-2,0,1,1,1,0,1,0,0,NA,NA,0,0,0,1
Annona_glabra_PMC,0,NA,0,NA,0,NA,0,0,1,1,0,1,1,-1,-1,1,NA,1,0,NA,2,1,-1,1,-1,-1,1,NA,-1,1,2,2,NA,1,-2,0,1,NA,-1,0,-1,0,0,NA,NA,0,0,0,0
Annona_macroprophyllata,0,NA,0,NA,0,0,0,0,NA,1,0,0,-1,NA,-1,NA,NA,-2,0,0,0,1,-1,1,-1,-1,NA,NA,-1,1,2,2,1,1,-2,0,1,NA,NA,NA,-1,-1,0,NA,NA,0,0,0,0
Annona_mucosa,0,NA,0,NA,0,NA,0,0,NA,1,0,0,-1,NA,-1,NA,NA,-2,0,0,0,1,-1,1,-1,-1,NA,1,-1,1,2,2,0,1,-2,0,1,NA,-1,-1,-1,0,0,NA,NA,0,0,0,0
Annona_reticulata,0,NA,0,NA,0,NA,1,0,1,1,0,NA,-1,NA,NA,NA,NA,1,0,0,2,1,-1,1,NA,-1,NA,NA,-1,1,2,2,1,1,-2,0,1,NA,NA,0,-1,0,0,NA,NA,0,0,0,0
Anredera_cordifolia,0,NA,0,-1,NA,0,0,0,1,1,1,0,1,1,-1,1,1,1,NA,2,2,NA,1,1,-1,-1,1,NA,-1,NA,2,2,1,1,-2,0,NA,NA,NA,NA,1,1,0,NA,NA,0,0,0,1
Anthocleista_grandiflora,0,NA,0,-1,0,NA,0,0,NA,NA,0,NA,NA,NA,NA,1,NA,0,0,0,0,0,-1,1,-1,-1,1,1,-1,1,2,2,1,1,0,0,1,NA,NA,NA,NA,NA,0,NA,NA,0,0,0,0
Aphanamixis_polystachya,0,NA,0,NA,NA,NA,NA,0,1,1,0,0,NA,-1,NA,NA,NA,NA,0,0,0,0,-1,1,-1,-1,-1,1,NA,1,2,2,1,1,-1,0,1,NA,1,0,-1,NA,0,NA,NA,0,0,0,0
Aphelandra_sinclairiana,0,NA,0,NA,0,NA,0,NA,1,0,0,NA,NA,-1,NA,1,NA,-2,0,0,0,0,-1,1,-1,-1,1,-1,-1,-1,2,2,0,1,-2,0,1,1,NA,-1,NA,NA,0,NA,NA,0,0,0,0
Araucaria_araucana,1,NA,0,-1,0,NA,0,NA,1,1,0,1,-1,-1,NA,1,NA,1,NA,0,0,NA,-1,1,-1,-1,-1,-1,NA,-1,1,2,1,0,-2,0,1,NA,-1,0,1,-1,0,NA,NA,0,0,0,0
Araucaria_bidwillii,0,NA,0,NA,0,0,0,NA,NA,1,0,0,-1,-1,NA,1,NA,NA,NA,0,0,1,-1,1,-1,-1,1,-1,1,-1,2,2,1,1,-2,0,1,NA,NA,0,-1,-1,0,NA,NA,0,0,0,0
Araujia_sericifera,0,NA,0,1,1,0,1,NA,1,1,1,NA,NA,-1,NA,1,NA,1,NA,2,2,0,1,1,NA,1,1,-1,1,-1,2,2,NA,1,-2,0,1,NA,1,0,1,1,0,NA,NA,0,0,0,0
Archidendron_clypearia_CGC,0,0,0,NA,0,NA,0,0,1,1,0,0,NA,-1,NA,1,NA,NA,0,0,0,0,-1,1,-1,-1,NA,1,-1,1,2,2,1,1,NA,0,1,NA,NA,0,-1,-1,0,NA,NA,0,0,1,0
Archontophoenix_purpurea,0,NA,0,NA,0,NA,0,0,NA,0,0,0,NA,NA,NA,-1,NA,0,0,0,0,1,-1,1,-1,-1,NA,1,-1,1,2,2,1,1,0,0,1,NA,NA,0,-1,-1,0,NA,NA,0,0,0,0
Arctotheca_calendula_sterile_PMC,0,NA,0,-1,1,NA,0,0,0,1,0,1,-1,-1,1,1,NA,1,0,0,2,1,1,NA,NA,-1,NA,-1,-1,-1,1,1,0,NA,-2,0,-1,NA,1,0,1,1,0,NA,NA,0,0,0,1
Ardisia_polysticta_PMC,0,NA,0,NA,NA,NA,0,NA,1,1,0,NA,NA,NA,NA,NA,NA,1,0,0,0,1,-1,1,-1,-1,NA,1,-1,1,2,2,1,1,0,0,1,NA,NA,NA,NA,NA,0,NA,NA,0,0,0,0
Ardisia_sieboldii,0,NA,0,-1,0,NA,0,0,1,1,0,NA,NA,NA,NA,1,NA,1,NA,0,0,1,-1,1,-1,-1,-1,1,-1,1,2,2,NA,1,0,0,1,NA,1,0,NA,NA,0,NA,NA,0,0,0,0
Areca_triandra_PMC,0,NA,0,NA,0,NA,0,NA,1,0,0,NA,-1,NA,NA,NA,NA,1,0,0,0,0,-1,1,-1,-1,1,1,-1,1,2,2,0,1,0,0,1,NA,NA,0,1,NA,0,NA,NA,0,0,0,0
Areca_vestiaria,0,NA,0,NA,0,0,0,0,1,NA,0,NA,NA,-1,NA,NA,NA,-2,0,0,0,0,-1,1,-1,-1,-1,1,-1,1,2,2,1,1,-2,0,1,NA,NA,0,NA,-1,0,NA,NA,0,0,0,0
Arenga_pinnata_CGC,1,0,0,NA,NA,0,1,0,1,1,0,1,-1,-1,NA,NA,NA,1,0,0,NA,0,-1,1,-1,-1,NA,1,NA,1,2,2,1,1,-2,0,1,1,NA,0,-1,-1,0,NA,NA,0,0,0,0
Arenga_tremula,0,NA,0,NA,NA,NA,1,0,1,1,0,NA,NA,NA,NA,NA,NA,-2,0,0,0,NA,-1,1,-1,-1,NA,1,-1,1,2,2,0,1,-2,0,1,NA,NA,0,-1,NA,0,NA,NA,0,0,0,0
Argemone_mexicana,1,NA,0,1,1,NA,1,0,0,1,0,1,1,1,-1,-1,NA,1,NA,2,NA,1,1,NA,1,-1,1,NA,1,NA,2,2,1,1,-2,0,1,1,1,0,-1,1,0,NA,NA,0,0,0,0
Artocarpus_sericicarpus,0,0,0,NA,0,NA,0,0,1,0,0,0,NA,-1,NA,NA,NA,-1,0,0,0,NA,-1,1,-1,-1,-1,NA,NA,NA,2,2,0,1,-1,0,1,NA,1,NA,-1,0,0,NA,NA,0,0,0,0
Arundina_graminifolia_PMC,0,NA,0,-1,0,NA,0,0,1,1,0,NA,NA,NA,NA,1,NA,1,1,0,0,0,1,1,-1,1,1,-1,-1,-1,2,2,1,1,-2,0,1,NA,NA,0,1,NA,0,NA,NA,0,0,0,1
Asterogyne_martiana,0,NA,0,NA,0,NA,0,0,1,NA,0,1,-1,NA,NA,NA,NA,-1,0,0,0,0,-1,1,-1,-1,NA,1,-1,1,2,2,1,1,-1,0,1,NA,NA,0,-1,NA,0,NA,NA,0,0,0,0
Attalea_cohune,0,NA,0,NA,0,NA,0,0,0,1,0,0,1,-1,NA,1,NA,-2,0,0,0,0,-1,1,-1,-1,NA,1,-1,1,2,2,0,1,-2,0,1,NA,NA,0,NA,-1,0,NA,NA,0,0,0,0
Averrhoa_bilimbi,0,NA,0,-1,0,NA,0,0,1,1,0,0,-1,-1,NA,NA,NA,1,NA,0,0,0,-1,1,-1,-1,1,1,-1,1,2,2,0,1,-2,0,1,NA,NA,0,-1,-1,0,NA,NA,0,0,0,0
Baccaurea_ramiflora,0,0,0,NA,NA,NA,0,0,1,1,0,0,NA,NA,NA,-1,NA,0,0,0,0,0,-1,1,-1,-1,NA,1,-1,1,2,2,1,1,0,NA,1,NA,-1,0,-1,-1,0,NA,NA,0,0,0,0
Bambusa_multiplex_CGC,0,0,0,-1,0,0,0,0,1,1,0,NA,-1,NA,-1,1,NA,1,NA,0,0,1,1,1,-1,1,-1,-1,-1,NA,2,2,1,1,-2,0,1,NA,NA,0,-1,-1,0,NA,NA,0,1,0,0
Banisteriopsis_caapi_PMC,0,NA,0,NA,NA,NA,0,0,NA,NA,1,0,NA,NA,NA,NA,NA,0,0,0,0,0,-1,1,-1,1,NA,-1,-1,NA,2,2,0,1,0,0,1,NA,NA,0,-1,NA,0,NA,NA,0,0,0,0
Banksia_burdettii,0,0,0,NA,0,NA,0,1,0,1,0,1,NA,1,NA,-1,NA,0,0,0,0,1,-1,1,-1,-1,-1,-1,-1,NA,1,2,0,0,0,0,1,NA,NA,-1,-1,0,0,NA,NA,0,0,0,0
Banksia_ericifolia,0,0,0,NA,0,0,0,1,NA,1,0,1,1,1,NA,-1,NA,1,0,0,NA,1,-1,1,NA,1,-1,-1,-1,NA,2,2,1,1,-2,0,1,NA,1,0,-1,0,0,NA,NA,0,0,0,0
Banksia_integrifolia_PMC,0,NA,0,NA,0,NA,0,NA,0,1,0,1,-1,NA,NA,1,NA,1,0,0,0,0,-1,1,-1,1,NA,-1,-1,NA,1,2,0,1,0,NA,1,1,1,0,-1,0,0,NA,NA,0,0,1,0
Banksia_spinulosa,0,0,0,NA,0,0,0,NA,1,1,0,0,-1,1,NA,1,NA,0,NA,0,0,1,-1,1,-1,1,-1,-1,-1,NA,2,2,1,1,0,0,1,NA,1,0,-1,0,0,NA,NA,0,0,0,0
Barringtonia_edulis,0,NA,0,NA,0,1,0,0,NA,NA,0,NA,-1,NA,NA,NA,NA,0,0,0,0,0,-1,1,-1,-1,1,NA,-1,NA,2,2,0,1,0,0,1,NA,NA,0,NA,NA,0,NA,NA,0,0,0,0
Batis_maritima_PMC,0,NA,0,-1,0,0,0,0,0,0,1,0,NA,NA,-1,1,NA,1,0,0,2,0,1,1,-1,-1,1,NA,-1,NA,2,2,0,1,0,0,1,NA,-1,0,1,1,0,NA,NA,0,0,0,0
Bauhinia_vahlii,0,0,0,-1,0,NA,0,NA,1,1,1,0,-1,NA,NA,1,NA,0,0,2,0,1,-1,1,-1,-1,-1,-1,-1,NA,2,2,1,1,0,0,1,NA,NA,NA,NA,NA,0,NA,NA,0,0,1,0
Begonia_foliosa,0,0,0,NA,0,0,0,0,1,1,NA,0,NA,NA,NA,NA,NA,1,1,0,NA,1,-1,1,-1,1,NA,-1,-1,NA,2,2,0,1,-2,0,1,NA,NA,NA,1,NA,0,NA,NA,0,0,0,0
Berrya_cubensis,0,0,0,NA,0,NA,0,NA,NA,NA,0,NA,NA,NA,NA,NA,NA,0,0,0,0,0,-1,1,-1,1,NA,-1,-1,NA,2,2,0,1,0,0,1,NA,-1,NA,NA,NA,0,NA,NA,0,0,0,0
Blechnum_appendiculatum,0,NA,0,NA,0,NA,0,0,1,1,0,1,1,NA,NA,NA,1,1,0,0,2,NA,NA,1,NA,1,1,-1,NA,NA,2,2,1,1,-1,0,1,NA,NA,0,1,NA,0,NA,NA,0,0,0,0
Blutaparon_vermiculare_PMC,0,NA,0,NA,0,NA,0,0,NA,1,1,0,NA,NA,NA,NA,NA,1,0,0,0,0,NA,1,-1,-1,1,NA,-1,NA,2,2,0,1,0,0,1,NA,NA,0,1,1,0,NA,NA,0,0,0,0
Bocconia_frutescens,0,NA,0,1,NA,NA,NA,0,1,1,0,1,1,1,-1,1,1,1,NA,2,2,0,NA,1,-1,-1,NA,1,-1,1,2,2,1,1,0,0,1,NA,NA,0,-1,-1,0,NA,NA,0,0,0,0
Boehmeria_nivea_CGC,0,0,0,-1,0,0,0,0,1,1,0,NA,1,1,NA,1,NA,1,1,0,0,1,NA,1,-1,NA,1,-1,-1,NA,2,2,1,1,-2,0,1,NA,-1,0,1,0,0,NA,NA,0,0,0,0
Bombax_ceiba,1,1,0,-1,0,NA,0,0,0,1,0,0,NA,NA,NA,1,NA,NA,0,0,0,0,NA,1,-1,1,-1,-1,-1,NA,2,2,0,1,-2,0,1,NA,1,0,1,-1,0,NA,NA,0,0,0,0
Borassus_aethiopum,1,NA,0,-1,0,NA,0,NA,0,0,0,NA,-1,-1,NA,1,NA,0,0,0,0,1,-1,1,-1,-1,NA,-1,-1,1,2,2,1,1,0,0,1,NA,-1,0,NA,-1,0,NA,NA,0,0,0,0
Brachychiton_populneus,0,0,0,-1,1,0,NA,1,0,1,0,NA,NA,-1,-1,1,NA,1,1,0,0,NA,-1,1,-1,-1,-1,1,1,1,2,2,0,1,-2,0,1,1,NA,0,-1,-1,0,NA,NA,0,0,0,0
Brassica_juncea,0,NA,0,-1,NA,NA,0,0,0,1,0,0,NA,NA,NA,-1,NA,1,0,0,2,1,1,1,1,-1,NA,NA,NA,NA,2,2,1,1,-2,0,1,1,1,0,-1,1,0,NA,NA,0,0,1,0
Bridelia_insulana,1,NA,0,NA,NA,NA,0,0,NA,1,0,NA,-1,NA,NA,NA,NA,NA,0,0,0,0,-1,-1,-1,-1,NA,1,-1,1,2,2,1,1,0,0,1,NA,NA,0,NA,NA,0,NA,NA,0,0,0,0
Brownea_coccinea_CGC,0,0,0,NA,0,NA,0,0,1,0,0,NA,-1,NA,NA,NA,NA,-2,0,0,0,0,-1,1,-1,-1,NA,-1,NA,NA,2,2,0,1,-2,0,1,NA,NA,-1,-1,-1,0,NA,NA,0,0,1,0
Brunfelsia_americana_CGC,0,0,0,-1,1,0,1,0,0,1,0,0,-1,NA,NA,-1,NA,NA,0,0,0,0,-1,1,-1,-1,-1,1,-1,1,2,2,0,1,-2,0,1,NA,-1,-1,NA,-1,0,NA,NA,0,0,0,0
Brunfelsia_australis_CGC,0,0,0,-1,1,NA,1,0,NA,0,0,0,NA,-1,NA,1,NA,-2,0,0,0,NA,-1,1,-1,-1,-1,1,-1,1,2,2,0,1,-2,0,1,-1,-1,0,NA,0,0,NA,NA,0,0,0,0
Brunfelsia_latifolia,0,0,0,NA,1,0,1,0,1,NA,0,0,-1,-1,NA,1,NA,-2,0,0,0,0,-1,1,-1,-1,-1,-1,-1,1,2,2,0,1,-2,NA,1,NA,-1,0,NA,NA,0,NA,NA,0,0,0,0
Buddleja_madagascariensis,0,0,0,NA,0,1,0,0,1,1,1,1,-1,NA,-1,1,1,1,0,0,2,1,1,1,-1,-1,1,1,1,1,2,2,1,1,-2,0,1,NA,NA,0,1,NA,0,NA,NA,0,0,0,0
Buddleja_saligna_CGC,0,0,0,-1,0,0,0,0,0,1,0,0,NA,NA,-1,NA,NA,1,NA,0,0,1,-1,1,-1,1,-1,-1,-1,NA,2,2,1,1,-1,0,1,NA,NA,0,-1,0,0,NA,NA,0,0,0,0
Butia_capitata,1,NA,0,-1,0,NA,0,0,NA,1,0,0,NA,-1,NA,NA,NA,NA,0,0,0,0,-1,1,-1,-1,NA,NA,-1,1,2,2,0,1,-2,0,1,1,NA,0,-1,NA,0,NA,NA,0,0,0,0
Buxus_sempervirens,0,NA,0,1,0,NA,1,NA,1,1,0,0,-1,NA,NA,1,NA,1,0,0,0,0,-1,1,-1,1,1,-1,1,-1,0,2,1,0,-2,1,1,NA,NA,0,1,-1,0,NA,NA,0,0,NA,0
Byrsonima_crassifolia,0,NA,0,NA,0,0,0,0,NA,1,0,NA,-1,1,NA,1,NA,0,0,0,0,0,-1,1,-1,-1,NA,1,1,1,2,2,1,1,0,0,1,-1,1,0,-1,NA,0,NA,NA,0,0,0,0
Caesalpinia_latisiliqua,1,NA,0,NA,NA,NA,NA,NA,NA,NA,1,1,-1,NA,NA,NA,NA,0,0,0,0,1,-1,1,-1,NA,NA,-1,-1,NA,2,2,1,1,0,0,1,NA,NA,0,NA,NA,0,NA,NA,0,0,1,0
Calamus_caesius,1,0,0,-1,0,NA,0,NA,1,1,1,NA,NA,-1,NA,1,NA,1,0,0,0,0,-1,1,-1,-1,NA,1,-1,1,2,2,0,1,-1,0,1,-1,-1,0,NA,-1,0,NA,NA,0,0,0,0
Calliandra_calothyrsus_PMC,0,NA,0,-1,0,NA,0,NA,1,1,0,NA,-1,NA,NA,1,NA,1,NA,2,0,0,1,1,-1,-1,1,-1,-1,-1,2,2,1,1,-2,0,1,1,1,NA,-1,1,0,1,-1,0,0,1,0
Callitris_columellaris,0,NA,0,-1,0,1,0,0,0,1,0,1,NA,-1,NA,NA,NA,1,0,2,0,1,NA,-1,-1,1,1,-1,-1,NA,2,2,1,1,0,NA,1,NA,NA,0,NA,-1,0,NA,NA,0,0,0,0
Callitris_endlicheri,0,NA,0,-1,0,NA,0,0,NA,1,0,NA,NA,1,NA,1,NA,1,0,0,2,1,NA,1,-1,1,NA,-1,-1,NA,2,2,1,1,-2,0,1,NA,NA,0,-1,-1,0,NA,NA,0,0,0,0
Calodendrum_capense_PMC,0,NA,0,NA,0,NA,0,NA,0,NA,0,NA,-1,NA,NA,NA,NA,0,0,0,0,0,-1,1,-1,-1,NA,1,-1,1,2,2,1,1,0,0,1,NA,NA,0,-1,-1,0,NA,NA,0,0,0,0
Canarium_album,0,NA,0,NA,0,NA,0,0,1,0,0,0,-1,NA,NA,1,NA,0,0,0,0,0,-1,1,-1,-1,NA,1,-1,1,2,2,1,1,0,0,1,NA,-1,NA,1,NA,0,NA,NA,0,0,0,0
Canarium_indicum,0,NA,0,NA,NA,NA,0,0,1,1,NA,NA,-1,-1,NA,1,NA,0,0,0,0,0,-1,1,-1,-1,NA,1,-1,1,2,2,0,1,0,0,1,NA,-1,0,-1,-1,0,NA,NA,0,0,0,0
Canavalia_ensiformis_PMC,0,1,0,-1,1,NA,1,0,1,1,1,0,-1,NA,NA,NA,NA,1,0,0,0,1,-1,1,-1,-1,-1,-1,-1,NA,2,2,1,1,-2,0,1,1,NA,0,-1,1,-3,1,NA,0,0,1,0
Capsicum_annuum,0,NA,0,1,0,NA,NA,0,0,0,0,NA,-1,NA,NA,-1,NA,NA,0,0,0,0,-1,1,-1,-1,NA,1,-1,1,2,2,0,1,-2,0,1,1,1,0,NA,1,-3,NA,1,0,0,0,0
Carica_pentagona,0,NA,0,-1,0,0,0,0,1,0,0,0,-1,-1,NA,1,NA,-2,0,0,0,NA,-1,1,-1,-1,-1,-1,-1,NA,2,2,0,1,-2,NA,-1,NA,-1,NA,-1,0,0,NA,NA,0,0,0,NA
Caryota_urens,0,NA,0,-1,0,NA,1,0,1,NA,0,0,-1,NA,-1,NA,NA,1,1,0,NA,1,-1,1,-1,-1,1,1,NA,1,2,2,0,1,-2,0,1,NA,-1,0,-1,-1,0,NA,NA,0,0,0,0
Casimiroa_edulis,0,NA,0,-1,1,NA,1,0,0,1,0,NA,-1,NA,NA,NA,NA,1,0,0,0,0,-1,1,-1,-1,NA,NA,-1,1,2,2,1,1,-2,0,1,NA,NA,0,-1,-1,0,NA,NA,0,0,0,0
Castilla_elastica,0,0,0,NA,0,NA,0,0,0,1,0,0,1,NA,NA,NA,NA,1,0,0,2,0,NA,1,-1,-1,-1,1,1,1,2,2,0,1,-2,0,1,-1,1,NA,-1,-1,0,NA,NA,0,0,0,0
Cedrus_deodara,0,NA,0,-1,0,NA,NA,1,1,1,0,1,NA,-1,NA,-1,NA,1,0,0,0,NA,-1,1,-1,1,-1,-1,NA,-1,0,1,1,0,-2,0,1,NA,1,0,-1,-1,0,NA,NA,0,0,0,0
Centranthus_ruber,0,0,0,NA,0,0,0,0,NA,1,0,1,NA,1,-1,-1,NA,1,1,NA,NA,1,1,1,NA,1,-1,-1,-1,NA,1,0,1,1,-2,0,1,NA,NA,0,-1,1,0,NA,NA,0,0,0,0
Centratherum_punctatum,0,0,0,-1,NA,NA,0,0,0,1,0,0,NA,NA,NA,NA,NA,1,1,NA,0,NA,NA,1,NA,1,-1,-1,NA,NA,2,2,1,1,NA,0,1,NA,NA,0,NA,1,0,NA,NA,0,0,0,0
Ceroxylon_alpinum,0,NA,0,NA,0,NA,0,0,NA,1,0,0,NA,-1,NA,NA,NA,-2,0,0,0,0,-1,1,-1,-1,-1,1,-1,1,2,2,0,1,-2,1,1,NA,-1,NA,-1,-1,0,NA,NA,0,0,0,0
Chamaedorea_metallica,0,NA,0,NA,NA,NA,NA,0,1,1,0,0,-1,NA,NA,NA,NA,-2,0,0,0,1,-1,1,-1,-1,-1,1,-1,1,2,2,0,1,-2,NA,1,NA,-1,0,-1,-1,0,NA,NA,0,0,0,0
Chamaedorea_seifrizii,0,NA,0,NA,NA,NA,NA,0,1,1,0,0,NA,NA,-1,NA,NA,1,1,0,NA,0,-1,1,-1,-1,NA,1,-1,1,2,2,0,1,-2,0,1,1,-1,0,NA,NA,0,NA,NA,0,0,0,0
Chambeyronia_macrocarpa_PMC,0,NA,0,NA,NA,NA,NA,0,NA,1,0,NA,NA,-1,NA,NA,NA,NA,0,0,0,0,-1,1,-1,-1,NA,1,-1,1,2,2,0,1,0,0,1,NA,NA,0,-1,-1,0,NA,NA,0,0,0,0
Cheilocostus_speciosus_PMC,0,NA,0,NA,NA,NA,0,0,1,1,0,0,NA,NA,NA,NA,NA,1,1,NA,0,0,-1,1,-1,-1,NA,1,-1,1,2,2,1,1,-2,0,1,NA,NA,0,1,1,0,NA,NA,0,0,0,1
Chenopodium_quinoa,0,NA,0,-1,0,NA,0,0,0,1,0,0,NA,NA,NA,NA,NA,NA,1,0,0,1,1,1,-1,-1,-1,NA,-1,NA,2,2,1,1,0,0,1,1,1,0,NA,1,-3,NA,NA,0,0,0,0
Chlorocardium_rodiei,0,NA,0,NA,NA,1,NA,0,1,0,0,NA,NA,NA,NA,1,NA,0,0,0,0,0,-1,-1,-1,-1,-1,-1,NA,1,2,2,0,1,0,1,1,NA,NA,0,-1,-1,0,NA,NA,0,0,0,0
Chloroxylon_swietenia,0,0,0,-1,NA,0,1,0,0,1,0,0,NA,-1,NA,1,NA,0,0,0,0,0,-1,1,-1,1,-1,-1,-1,-1,2,2,0,1,0,0,1,-1,NA,0,-1,NA,0,NA,NA,0,0,0,0
Chromolaena_odorata,0,1,0,1,1,1,1,1,1,1,0,1,1,1,-1,1,NA,1,NA,2,2,1,1,-1,1,1,-1,-1,1,-1,2,2,1,1,-2,0,1,-1,1,0,1,1,0,NA,NA,0,0,0,0
Chrysobalanus_icaco,0,0,0,NA,0,0,0,1,NA,1,0,1,-1,NA,NA,NA,NA,1,0,0,2,0,-1,1,-1,-1,1,1,-1,1,2,2,0,1,-2,0,1,NA,1,0,1,NA,0,NA,NA,0,0,0,0
Chrysothemis_pulchella,0,NA,0,NA,0,1,0,0,1,NA,0,0,-1,NA,NA,1,NA,1,NA,0,0,0,-1,1,-1,-1,-1,NA,1,NA,2,2,0,1,-2,0,-1,NA,NA,-1,1,NA,0,NA,NA,0,0,0,1
Cinnamomum_burmannii,0,0,0,NA,0,1,0,0,1,NA,0,1,-1,NA,-1,NA,1,1,0,0,2,1,-1,1,-1,-1,NA,1,-1,1,2,2,1,1,-2,0,1,1,NA,0,-1,NA,0,NA,NA,0,0,0,0
Cissus_quadrangularis_PMC,0,NA,0,1,NA,NA,0,0,NA,1,1,0,-1,NA,NA,NA,NA,1,0,0,2,1,-1,1,-1,-1,-1,1,-1,1,2,2,0,1,NA,0,1,NA,NA,0,1,1,0,NA,NA,0,0,0,0
Cissus_verticillata_subsp_verticillata_PMC,0,NA,NA,NA,0,NA,0,NA,NA,NA,1,0,NA,NA,NA,NA,NA,NA,0,2,0,1,1,1,-1,-1,1,1,-1,1,2,2,1,1,-2,0,1,NA,NA,0,NA,NA,0,NA,NA,0,0,0,0
Clausena_lansium_PMC,0,NA,0,NA,0,NA,0,0,0,1,0,NA,-1,NA,NA,NA,NA,-2,0,0,0,1,-1,1,-1,-1,NA,1,-1,1,2,2,1,1,-2,0,1,NA,NA,0,-1,-1,0,NA,NA,0,0,0,0
Clerodendrum_chinense,0,NA,0,1,NA,0,0,0,1,1,0,1,-1,-1,-1,1,1,1,1,2,2,1,1,1,-1,-1,NA,-1,-1,NA,2,2,1,1,-2,0,NA,-1,NA,0,1,1,0,NA,NA,0,0,0,0
Clerodendrum_incisum,0,NA,0,NA,NA,NA,NA,0,1,NA,0,NA,-1,NA,NA,NA,NA,-2,0,0,0,1,NA,1,-1,NA,NA,-1,1,NA,2,2,0,1,-2,0,NA,NA,NA,NA,NA,NA,0,NA,NA,0,0,0,0
Clerodendrum_wallichii,0,NA,0,NA,NA,NA,0,0,NA,1,0,NA,NA,NA,NA,NA,NA,-2,0,0,0,1,-1,1,-1,-1,NA,1,-1,1,2,2,1,1,-2,0,1,NA,NA,0,NA,NA,0,NA,NA,0,0,0,0
Clusia_rosea,0,NA,0,-1,NA,0,1,0,1,1,1,1,1,NA,NA,NA,NA,1,1,0,NA,0,-1,1,-1,-1,-1,1,-1,1,2,2,0,1,-2,0,1,NA,1,0,NA,-1,0,NA,NA,0,0,0,0
Cnidoscolus_acontifolius,1,0,0,-1,0,0,NA,0,1,1,0,NA,-1,1,NA,1,NA,1,0,0,0,1,NA,1,NA,NA,-1,-1,-1,NA,2,2,1,1,-2,0,1,NA,1,0,1,0,0,NA,NA,0,0,0,0
Cnidoscolus_chayamansa,0,0,0,-1,0,0,NA,0,1,1,0,NA,-1,-1,NA,1,NA,1,0,0,0,1,1,1,-1,-1,NA,-1,-1,NA,2,2,1,1,-2,0,-1,-1,NA,0,1,0,-3,1,NA,0,0,0,0
Combretum_constrictum,0,NA,0,NA,0,NA,0,NA,0,1,1,NA,NA,NA,NA,NA,NA,-2,0,0,0,1,-1,1,-1,1,1,-1,-1,NA,2,2,1,1,-2,0,1,NA,NA,0,NA,NA,0,NA,NA,0,0,0,0
Commelina_communis,0,NA,0,-1,0,NA,0,0,NA,1,1,0,NA,1,1,NA,NA,1,1,2,0,1,1,1,1,-1,1,NA,-1,NA,0,0,1,1,-2,NA,1,NA,1,0,1,1,0,NA,NA,0,0,0,0
Commelina_diffusa,0,1,0,-1,0,1,0,0,1,1,1,0,1,NA,NA,1,NA,1,0,2,2,1,1,-1,1,-1,1,NA,-1,NA,2,2,1,1,-2,0,1,NA,NA,0,1,1,0,NA,NA,0,0,0,0
Cordia_monoica,0,NA,0,-1,0,NA,0,0,NA,NA,0,NA,-1,NA,NA,1,NA,0,0,0,0,1,NA,1,-1,-1,NA,1,NA,1,2,2,1,1,0,0,1,NA,NA,0,-1,0,0,NA,NA,0,0,0,0
Corymbia_citriodora,0,NA,0,NA,0,1,NA,NA,0,1,0,0,1,-1,NA,1,NA,1,0,0,2,1,-1,1,-1,NA,-1,-1,-1,-1,2,2,1,1,-2,0,1,1,1,0,-1,0,0,NA,NA,0,0,0,0
Cotinus_coggygria_PMC,0,NA,0,1,0,NA,0,NA,NA,1,0,NA,NA,1,NA,1,NA,-2,0,2,0,0,-1,1,-1,1,NA,NA,-1,NA,1,2,1,1,-2,0,1,NA,-1,0,-1,NA,0,NA,NA,0,0,0,0
Crassula_multicava,0,NA,0,-1,0,NA,0,0,1,NA,0,1,NA,NA,-1,1,NA,1,NA,0,2,1,1,1,-1,NA,1,-1,-1,NA,1,0,0,1,-2,0,1,NA,NA,0,1,NA,0,NA,NA,0,0,0,0
Cratoxylum_formosum,1,0,0,-1,0,NA,0,0,1,1,0,0,NA,NA,NA,1,NA,0,0,0,0,0,-1,1,-1,1,NA,-1,-1,NA,2,2,0,1,0,0,1,NA,-1,0,-1,NA,0,NA,NA,0,0,0,0
Crossandra_infundibuliformis_CGC,0,0,0,NA,0,0,0,0,1,1,0,0,-1,-1,NA,NA,NA,1,NA,0,0,0,-1,1,-1,-1,NA,-1,-1,NA,2,2,0,1,-2,0,1,NA,1,NA,NA,1,0,NA,NA,0,0,0,0
Crotalaria_juncea_revised,0,NA,0,-1,NA,0,NA,0,0,1,0,0,-1,-1,NA,1,NA,1,NA,0,0,1,-1,1,-1,-1,-1,-1,-1,NA,2,1,1,1,-2,0,1,-1,1,0,-1,1,0,NA,NA,0,0,0,0
Cryptostegia_grandiflora,0,0,0,1,1,NA,1,1,1,1,1,1,1,-1,-1,1,1,1,0,2,2,1,1,1,-1,1,1,1,1,NA,2,2,0,1,-2,0,1,1,NA,-1,-1,1,0,NA,NA,0,0,0,0
Cubanola_domingensis,0,NA,0,NA,NA,0,NA,0,1,NA,0,0,-1,NA,NA,NA,NA,-2,0,0,0,0,-1,1,-1,NA,NA,-1,-1,NA,2,2,0,1,-2,NA,1,NA,NA,NA,-1,0,0,NA,NA,0,0,0,0
Cupaniopsis_anacardioides_PMC,0,NA,0,NA,0,0,0,0,NA,1,0,1,1,-1,-1,1,NA,1,0,0,2,0,-1,1,-1,-1,1,1,-1,1,2,2,0,1,-2,0,1,NA,NA,0,-1,NA,0,NA,NA,0,0,NA,0
Cupressus_arizonica_PMC,1,1,0,NA,0,NA,1,0,0,1,0,0,NA,1,NA,1,NA,1,0,0,2,1,1,1,-1,1,NA,-1,-1,-1,2,2,1,1,-2,1,1,NA,NA,0,-1,-1,0,NA,NA,0,0,0,0
Cupressus_sempervirens,0,NA,0,NA,0,NA,1,0,0,1,0,0,NA,1,NA,1,NA,1,0,0,0,1,-1,1,-1,1,NA,NA,-1,NA,2,2,1,1,-2,0,1,NA,NA,0,-1,0,0,NA,NA,0,0,0,0
Cupressus_x_leylandii,0,NA,0,NA,0,NA,0,NA,NA,1,0,NA,NA,NA,NA,1,NA,-2,0,0,0,0,-1,1,-1,1,NA,-1,-1,NA,0,0,1,0,-2,NA,NA,NA,NA,0,-1,NA,-3,-1,-1,0,0,0,0
Cyathea_australis,0,NA,0,NA,0,NA,0,0,1,1,0,NA,1,NA,NA,1,NA,-2,0,0,0,1,-1,1,-1,1,1,-1,-1,NA,2,2,1,1,-2,0,1,1,NA,0,-1,-1,0,NA,NA,0,0,0,0
Cyathea_medullaris,0,NA,0,NA,NA,NA,0,NA,1,1,0,1,1,NA,NA,NA,NA,0,0,0,0,1,-1,1,-1,1,1,NA,NA,-1,2,2,0,1,0,0,1,NA,NA,0,-1,NA,0,NA,NA,0,0,0,0
Cynodon_dactylon_PMC,0,1,0,-1,0,NA,1,NA,0,1,0,0,NA,1,-1,1,NA,1,1,2,0,1,1,1,1,-1,1,-1,1,1,2,2,1,1,-2,0,1,NA,-1,0,1,1,0,NA,NA,0,1,0,0
Dacryodes_edulis,0,NA,0,NA,0,NA,0,NA,1,1,0,0,-1,-1,NA,NA,NA,-2,0,0,0,0,-1,1,-1,-1,NA,NA,-1,NA,2,2,1,1,-2,0,1,NA,1,0,-1,-1,0,NA,NA,0,0,0,0
Dendrocalamus_asper,0,NA,0,NA,0,NA,0,0,1,1,0,0,NA,NA,-1,1,NA,1,0,0,0,0,-1,-1,-1,NA,-1,-1,-1,NA,2,0,0,1,-2,0,NA,-1,NA,0,-1,-1,0,NA,NA,0,1,0,0
Deplanchea_tetraphylla,0,0,0,NA,0,NA,0,0,NA,0,0,0,NA,NA,NA,1,NA,0,0,0,0,0,-1,1,-1,1,-1,-1,-1,NA,2,2,0,1,0,0,1,NA,NA,-1,-1,NA,0,NA,NA,0,0,0,0
Digitaria_abyssinica,0,NA,0,-1,0,NA,0,1,1,1,0,1,1,-1,-1,1,NA,1,NA,2,NA,1,1,NA,1,1,-1,-1,-1,NA,2,2,1,1,0,0,1,NA,NA,0,1,NA,0,NA,NA,0,1,0,0
Dillenia_indica,0,0,0,-1,0,0,0,0,1,NA,0,0,-1,-1,NA,1,NA,NA,NA,0,0,1,-1,1,-1,-1,1,-1,-1,1,2,2,1,1,-2,0,1,NA,NA,0,-1,-1,0,NA,NA,0,0,0,0
Dimocarpus_longan_CGC,0,0,0,-1,0,1,0,0,1,1,0,0,-1,-1,NA,NA,NA,1,NA,0,0,0,-1,1,-1,-1,-1,1,-1,1,2,2,0,1,-2,0,1,NA,1,0,-1,-1,-3,1,-1,0,0,0,0
Diospyros_blancoi,0,0,0,NA,0,0,NA,0,NA,1,0,0,-1,-1,NA,NA,NA,NA,0,0,0,1,-1,1,-1,-1,NA,NA,NA,1,2,2,0,1,-2,0,1,NA,-1,0,-1,-1,0,NA,NA,0,0,0,0
Diospyros_digyna,0,0,0,-1,NA,0,NA,0,1,1,0,0,-1,NA,1,1,NA,1,1,0,NA,1,-1,1,-1,-1,NA,1,-1,1,2,2,1,1,-2,0,1,NA,-1,0,-1,-1,0,NA,NA,0,0,0,0
Diospyros_vaccinioides,0,0,0,NA,0,NA,0,NA,NA,NA,0,0,-1,NA,NA,NA,NA,0,0,0,0,1,-1,1,-1,-1,-1,1,-1,1,2,2,NA,1,0,0,1,NA,-1,0,NA,NA,0,NA,NA,0,0,0,0
Diplazium_esculentum,0,NA,0,NA,0,0,0,0,1,0,0,1,1,NA,NA,NA,NA,1,NA,NA,NA,NA,NA,1,-1,1,1,-1,NA,NA,2,2,0,1,-2,0,1,-1,NA,0,1,NA,0,NA,NA,0,0,0,0
Dischidia_ovata,0,NA,0,NA,0,NA,0,0,1,NA,1,0,NA,-1,NA,NA,NA,-2,0,0,0,0,-1,1,-1,1,NA,-1,1,-1,2,2,0,1,-2,0,1,NA,NA,NA,NA,NA,0,NA,NA,0,0,0,0
Dorstenia_contrajerva,0,0,0,NA,NA,NA,0,0,1,0,0,0,-1,NA,NA,NA,NA,1,1,NA,0,NA,NA,1,1,-1,1,-1,NA,NA,2,2,1,1,-2,0,1,NA,1,0,NA,NA,0,NA,NA,0,0,0,NA
Doryanthes_excelsa,0,0,0,NA,0,0,0,NA,1,0,0,NA,-1,-1,NA,1,NA,-2,0,0,0,0,-1,1,-1,1,NA,-1,-1,NA,1,2,1,0,-2,0,1,NA,1,0,1,-1,0,NA,NA,0,0,0,1
Dovyalis_hebecarpa,1,0,0,1,0,0,0,0,NA,1,0,NA,NA,-1,NA,1,NA,1,NA,0,0,1,-1,1,-1,-1,-1,1,-1,1,2,2,0,1,-2,0,1,1,NA,0,-1,NA,0,NA,NA,0,0,0,0
Dracaena_marginata_tricolor_PMC,0,NA,0,NA,1,NA,0,NA,NA,1,0,NA,NA,NA,NA,1,NA,-2,0,0,0,0,-1,1,-1,-1,NA,1,-1,1,2,2,0,1,-2,NA,NA,NA,NA,0,-1,-1,0,NA,NA,0,0,NA,0
Durio_zibethinus,0,0,0,NA,0,NA,0,0,1,1,0,0,-1,-1,NA,NA,NA,1,0,0,0,0,-1,1,-1,-1,-1,-1,1,1,2,2,0,1,-1,0,1,NA,-1,-1,-1,-1,0,NA,NA,0,0,0,0
Dypsis_lanceolata,0,NA,0,NA,0,NA,0,0,NA,NA,0,0,NA,NA,NA,NA,NA,0,0,0,0,NA,-1,1,-1,-1,-1,1,-1,1,2,2,0,1,0,NA,1,NA,NA,0,NA,NA,0,NA,NA,0,0,0,0
Dypsis_leptocheilos_PMC,0,NA,0,NA,0,NA,0,NA,NA,1,0,NA,-1,NA,NA,NA,NA,-2,0,0,0,0,-1,1,-1,-1,NA,1,-1,1,2,2,0,1,-2,0,1,NA,NA,0,-1,NA,0,NA,NA,0,0,0,0
Dypsis_madagascariensis,0,NA,0,NA,0,0,1,0,NA,1,0,NA,-1,NA,NA,NA,NA,1,1,0,NA,NA,-1,1,-1,-1,NA,1,-1,1,2,2,0,1,-2,0,1,NA,NA,0,-1,NA,0,NA,NA,0,0,0,0
Dypsis_pembana,0,NA,0,NA,0,NA,0,0,NA,0,0,0,NA,NA,NA,NA,NA,0,0,0,0,NA,-1,1,-1,-1,-1,1,-1,1,2,2,0,1,0,0,1,NA,NA,0,NA,NA,0,NA,NA,0,0,0,0
Dysphania_ambrosioides_PMC,0,NA,0,-1,1,NA,1,0,0,1,0,0,NA,1,-1,NA,NA,1,NA,2,0,NA,1,1,1,-1,1,NA,-1,1,2,2,1,1,-2,0,1,NA,1,0,-1,1,0,NA,NA,0,0,0,0
Eichhornia_crassipes_PMC,0,NA,0,1,0,NA,0,0,1,NA,1,0,-1,1,-1,1,NA,1,0,2,2,1,1,1,-1,-1,1,1,-1,NA,2,2,1,1,-2,0,1,NA,NA,0,1,1,0,NA,NA,5,0,0,0
Emex_australis_PMC,1,1,0,-1,1,NA,0,0,0,1,0,0,1,1,-1,NA,-1,1,0,2,2,1,1,-1,1,-1,1,1,1,1,1,2,NA,1,-2,0,1,1,1,0,-1,1,0,NA,NA,0,0,0,0
Enchylaena_tomentosa_PMC,0,NA,0,-1,0,NA,0,0,1,1,0,NA,NA,1,NA,1,NA,0,0,0,0,0,NA,1,-1,-1,NA,1,-1,1,2,2,1,1,0,0,1,NA,NA,0,-1,0,0,NA,NA,0,0,NA,0
Epiphyllum_oxypetalum,0,NA,0,NA,0,NA,0,0,1,0,1,NA,-1,NA,NA,NA,NA,1,0,0,0,0,-1,1,-1,-1,NA,-1,-1,NA,2,2,0,1,-2,0,1,NA,NA,0,1,NA,0,NA,NA,0,0,0,0
Eremospatha_macrocarpa,1,NA,0,-1,0,NA,0,0,0,NA,1,NA,NA,NA,NA,NA,NA,0,NA,0,0,NA,-1,NA,-1,-1,NA,1,NA,1,2,2,0,1,0,0,1,NA,NA,NA,1,-1,0,NA,NA,0,0,0,0
Erythrina_poeppigiana,1,0,0,-1,NA,NA,NA,0,1,1,0,NA,NA,1,NA,1,NA,1,0,0,NA,1,-1,1,-1,1,1,-1,-1,NA,2,2,1,1,-2,0,1,NA,1,0,NA,NA,0,NA,NA,0,0,1,0
Erythrina_speciosa,1,0,0,NA,NA,NA,0,0,1,1,0,1,-1,1,NA,NA,NA,1,1,0,0,1,-1,1,-1,-1,NA,-1,-1,NA,2,2,0,1,-2,0,1,NA,1,0,1,NA,0,NA,NA,0,0,1,0
Eschscholzia_californica,0,0,0,1,1,NA,NA,0,0,1,0,0,NA,1,NA,1,NA,1,1,0,0,0,NA,1,1,1,1,-1,-1,NA,2,2,1,1,-2,0,1,-1,1,0,-1,1,0,NA,NA,0,0,0,0
Eucalyptus_erythrocorys,0,NA,0,NA,0,NA,0,NA,0,1,0,1,NA,NA,NA,1,NA,NA,0,0,0,1,NA,1,1,1,-1,-1,-1,NA,2,2,0,1,-2,0,1,NA,NA,0,-1,NA,0,NA,NA,0,0,0,0
Eucalyptus_gunnii,0,NA,0,-1,0,NA,0,NA,NA,0,0,1,NA,1,NA,1,NA,1,0,0,0,1,NA,1,-1,1,NA,-1,-1,-1,0,2,0,0,-2,0,1,1,1,0,-1,-1,0,NA,NA,0,0,0,0
Eucalyptus_macrocarpa_PMC,0,NA,0,NA,0,NA,0,NA,0,0,0,NA,NA,NA,NA,1,NA,0,0,0,0,1,NA,1,-1,1,NA,-1,-1,-1,2,2,0,1,0,0,1,1,NA,0,-1,NA,0,NA,NA,0,0,0,0
Eucalyptus_pulverulenta,0,NA,0,-1,0,NA,NA,0,0,1,0,0,NA,NA,NA,1,NA,NA,0,0,0,1,NA,1,-1,1,NA,-1,-1,-1,0,2,0,0,-2,NA,1,NA,NA,0,-1,-1,0,NA,NA,0,0,0,0
Eucalyptus_urograndis,0,1,0,1,0,1,0,NA,0,NA,0,0,-1,NA,-1,1,NA,-2,0,0,0,1,-1,1,-1,NA,NA,-1,NA,NA,2,2,1,1,-2,0,1,NA,-1,0,-1,NA,0,NA,NA,0,0,0,0
Eugenia_brasiliensis_CGC,0,0,0,NA,0,1,0,0,NA,0,0,1,-1,-1,-1,NA,NA,1,0,0,0,1,-1,1,-1,-1,-1,1,-1,1,2,2,0,1,-2,0,1,NA,NA,0,-1,-1,0,NA,NA,0,0,0,0
Euphorbia_hypericifolia_PMC,0,NA,0,NA,0,NA,0,NA,NA,NA,0,0,NA,NA,NA,NA,NA,1,NA,NA,0,1,1,1,NA,-1,NA,-1,1,NA,2,2,0,1,-2,0,1,NA,NA,0,-1,1,0,NA,NA,0,0,0,0
Euphorbia_ingens,1,NA,0,NA,1,0,1,0,0,1,0,NA,NA,NA,NA,NA,NA,NA,0,NA,0,1,-1,1,-1,-1,-1,1,-1,1,2,2,1,1,-1,0,1,NA,1,0,-1,NA,0,NA,NA,0,0,0,0
Euphorbia_stenoclada,1,NA,0,-1,NA,NA,1,NA,0,1,0,NA,NA,NA,NA,NA,NA,-1,0,0,0,1,NA,1,-1,NA,-1,-1,NA,NA,2,2,0,1,-1,0,1,NA,NA,0,NA,NA,0,NA,NA,0,0,0,0
Euphorbia_tirucalli_PMC,0,NA,0,1,NA,0,1,0,0,1,0,NA,NA,NA,NA,1,NA,1,0,0,0,1,1,1,-1,-1,1,1,-1,1,2,2,1,1,-2,0,1,NA,-1,0,-1,NA,0,NA,NA,0,0,0,0
Euterpe_oleracea,0,0,0,NA,0,0,0,0,1,1,0,1,-1,-1,NA,1,NA,1,0,0,0,0,-1,1,-1,-1,1,1,-1,1,2,2,0,1,-2,0,1,NA,1,0,-1,-1,0,NA,NA,0,0,0,0
Ficus_celebensis_PMC,0,NA,0,NA,NA,NA,NA,NA,NA,NA,0,NA,NA,NA,NA,NA,NA,-2,0,0,0,1,-1,1,NA,-1,NA,NA,-1,NA,2,2,NA,1,-2,NA,NA,NA,NA,-1,-1,NA,0,NA,NA,0,0,0,0
Ficus_cordata_ssp_salicifolia,0,NA,0,-1,1,NA,0,0,1,1,0,NA,NA,NA,NA,1,NA,-2,0,0,0,1,-1,1,-1,-1,NA,NA,-1,NA,2,2,NA,1,-2,0,1,NA,NA,-1,-1,NA,0,NA,NA,0,0,0,0
Ficus_virens_PMC,0,NA,0,-1,0,NA,0,NA,NA,NA,0,NA,NA,1,NA,1,NA,0,0,0,0,1,-1,1,-1,-1,1,1,-1,1,2,2,1,1,0,0,1,NA,-1,-1,1,NA,0,NA,NA,0,0,0,0
Filicium_decipiens,0,0,0,NA,0,NA,NA,0,1,1,0,0,NA,-1,NA,NA,NA,1,0,0,NA,0,-1,1,-1,-1,NA,1,-1,1,2,2,0,1,-2,0,1,NA,NA,0,-1,-1,0,NA,NA,0,0,0,0
Flacourtia_indica,1,NA,0,-1,0,NA,0,NA,0,1,0,1,NA,NA,-1,1,NA,1,NA,0,2,1,NA,1,-1,-1,NA,1,-1,1,2,2,1,1,-2,0,1,NA,NA,0,-1,NA,0,NA,NA,0,0,0,0
Flemingia_macrophylla,0,0,0,-1,0,0,0,0,1,1,0,0,-1,NA,NA,1,NA,1,0,0,0,NA,-1,1,-1,NA,NA,-1,-1,NA,2,2,1,1,-2,0,1,NA,1,0,-1,1,0,NA,NA,0,0,1,0
Garcinia_mangostana_PMC,0,NA,0,NA,0,0,0,0,1,0,0,NA,-1,-1,NA,-1,NA,NA,0,0,0,0,-1,1,-1,-1,NA,-1,-1,NA,2,2,0,1,-2,0,1,NA,1,0,-1,-1,0,NA,NA,0,0,0,0
Garcinia_xanthochymus,0,0,0,NA,0,NA,0,0,1,1,0,0,-1,-1,NA,NA,NA,1,1,0,0,NA,-1,1,-1,-1,-1,1,-1,1,2,2,1,1,-2,0,1,NA,1,0,-1,-1,0,NA,NA,0,0,0,0
Gardenia_thunbergia,0,NA,0,-1,0,0,0,0,NA,1,0,0,NA,1,NA,NA,NA,-2,0,0,0,NA,-1,1,-1,-1,-1,-1,-1,1,1,2,1,1,-2,0,1,NA,-1,0,-1,0,0,NA,NA,0,0,0,0
Gaussia_attenuata,0,NA,0,NA,0,NA,0,0,NA,0,0,0,NA,NA,NA,NA,NA,-1,0,0,0,0,-1,1,-1,-1,NA,1,NA,1,2,2,0,1,-1,1,1,NA,NA,0,-1,-1,0,NA,NA,0,0,0,0
Geonoma_interrupta_PMC,0,NA,0,NA,NA,NA,NA,0,1,NA,0,NA,1,NA,NA,NA,NA,0,0,0,0,0,NA,1,-1,-1,NA,1,-1,1,2,2,1,1,0,0,1,NA,NA,0,1,0,0,NA,NA,0,0,0,0
Gigantochloa_apus,0,NA,0,NA,0,1,0,0,0,NA,0,0,NA,-1,-1,1,NA,1,0,0,0,0,-1,1,-1,1,NA,-1,-1,NA,2,2,1,1,0,0,1,NA,NA,0,-1,-1,0,NA,NA,0,1,0,0
Gigantochloa_atter,0,NA,0,-1,0,NA,0,0,NA,NA,0,0,NA,-1,NA,1,NA,-2,0,0,0,0,-1,1,-1,1,NA,-1,-1,NA,2,2,1,1,-2,0,1,NA,NA,0,-1,-1,0,NA,NA,0,1,0,0
Gigantochloa_robusta,0,NA,0,NA,0,0,0,0,0,1,0,0,NA,-1,NA,1,NA,0,0,0,0,0,-1,1,-1,NA,-1,-1,-1,NA,2,2,1,0,0,0,NA,NA,NA,0,-1,-1,0,NA,NA,0,0,0,0
Ginkgo_biloba_PMC,0,NA,0,NA,0,0,1,0,0,1,0,NA,NA,NA,NA,1,NA,-2,0,0,0,0,-1,1,-1,-1,NA,1,-1,1,0,1,1,0,-2,0,1,-1,-1,0,1,-1,0,NA,NA,0,0,0,0
Gomphrena_globosa,0,0,0,-1,1,0,0,0,0,1,0,0,NA,NA,NA,NA,NA,1,1,0,0,1,NA,1,-1,1,-1,-1,NA,NA,2,2,0,1,-2,NA,1,NA,NA,0,-1,1,0,NA,NA,0,0,0,0
Gossypium_barbadense,0,0,0,-1,NA,1,0,0,0,1,0,0,-1,-1,-1,NA,NA,1,NA,0,NA,NA,NA,1,-1,1,NA,NA,-1,1,2,1,NA,1,-2,0,1,1,1,0,-1,1,NA,NA,NA,0,0,0,0
Gossypium_hirsutum,0,0,0,-1,0,1,0,0,0,1,0,0,-1,NA,-1,NA,NA,1,NA,0,0,NA,1,1,-1,1,1,1,-1,1,2,2,NA,1,-2,0,1,1,1,0,-1,1,0,NA,NA,0,0,0,0
Graptopetalum_paraguayense,0,NA,0,NA,0,NA,0,0,NA,NA,0,0,-1,NA,NA,NA,NA,1,0,0,0,0,NA,1,-1,NA,-1,-1,-1,NA,2,1,NA,1,-2,NA,NA,NA,1,NA,1,1,0,NA,NA,0,0,0,0
Grewia_micrantha,0,NA,0,-1,0,NA,0,NA,NA,NA,0,1,-1,NA,NA,NA,NA,1,0,0,0,1,NA,NA,-1,-1,NA,1,-1,1,2,2,1,1,0,0,1,NA,NA,0,NA,NA,0,NA,NA,0,0,0,0
Guaiacum_sanctum,0,NA,0,NA,0,0,0,0,1,1,0,NA,-1,NA,NA,1,NA,1,0,0,0,NA,-1,1,-1,-1,-1,1,-1,1,2,2,0,1,0,0,1,NA,1,0,-1,-1,0,NA,NA,0,0,0,0
Gutierrezia_sarothrae,0,NA,0,1,1,NA,NA,1,NA,1,0,1,1,1,-1,1,NA,1,NA,2,NA,1,NA,1,-1,1,-1,-1,NA,-1,2,2,1,1,0,0,1,NA,NA,0,-1,0,0,NA,NA,0,0,0,0
Gymnosporia_emarginata,1,0,0,-1,0,NA,0,NA,NA,NA,0,NA,NA,NA,NA,NA,NA,NA,0,0,0,NA,-1,1,-1,-1,NA,1,NA,1,2,2,0,1,0,0,1,NA,NA,0,NA,NA,0,NA,NA,0,0,0,0
Hakea_salicifolia_PMC,0,NA,0,NA,0,NA,0,0,NA,1,0,1,1,1,NA,1,NA,1,0,0,2,1,NA,1,-1,1,1,-1,-1,NA,2,2,0,1,-2,0,1,NA,NA,0,-1,-1,0,NA,NA,0,0,0,0
Harpephyllum_caffrum,0,0,0,-1,NA,0,NA,0,NA,1,0,0,-1,NA,NA,NA,NA,1,0,0,NA,0,-1,1,-1,-1,NA,1,-1,1,2,2,0,1,0,0,1,-1,-1,0,-1,NA,0,NA,NA,0,0,0,0
Hedychium_flavescens,0,0,0,-1,0,0,0,0,1,1,0,1,-1,NA,-1,1,1,1,0,NA,2,1,1,1,-1,-1,NA,-1,NA,NA,2,2,1,1,-2,0,-1,NA,-1,NA,1,NA,0,NA,NA,0,0,0,1
Helictotrichon_sempervirens,0,NA,0,1,0,0,NA,0,NA,1,0,0,NA,NA,NA,-1,NA,-2,0,0,0,1,NA,1,-1,1,-1,-1,NA,NA,1,2,1,0,-2,0,1,NA,NA,0,-1,NA,0,NA,NA,0,1,0,0
Hemerocallis_lilioasphodelus_PMC,0,NA,0,-1,0,NA,0,0,NA,1,0,NA,-1,-1,NA,NA,NA,1,0,0,0,1,1,1,-1,-1,-1,-1,-1,NA,0,2,1,0,-2,0,1,NA,1,NA,NA,0,0,NA,NA,0,0,0,0
Heteromeles_arbutifolia,0,NA,0,-1,1,1,0,0,1,1,0,1,1,-1,NA,1,NA,1,0,0,0,0,-1,1,-1,-1,1,1,-1,1,2,2,1,1,-2,1,1,NA,NA,0,-1,-1,0,NA,NA,0,0,0,0
Heterospathe_elata,0,NA,0,NA,0,0,0,0,1,1,0,1,NA,NA,NA,NA,NA,1,0,0,NA,0,-1,1,-1,-1,NA,1,NA,1,2,2,0,1,-1,0,1,NA,NA,0,-1,-1,0,NA,NA,0,0,0,0
Hibiscus_mutabilis_PMC,0,NA,0,NA,0,NA,0,NA,0,0,0,NA,-1,NA,NA,NA,NA,1,0,0,0,1,-1,1,-1,-1,1,-1,-1,NA,1,1,0,1,-2,0,1,NA,NA,0,-1,NA,0,NA,NA,0,0,0,0
Hibiscus_syriacus_CGC,0,0,0,1,0,1,0,0,NA,1,0,0,NA,NA,-1,1,NA,1,1,0,NA,1,-1,1,-1,-1,NA,-1,-1,NA,1,2,1,0,-2,0,1,NA,1,0,1,NA,-3,1,1,0,0,0,0
Homalanthus_populifolius,0,NA,0,-1,1,NA,1,0,1,1,0,0,NA,NA,-1,-1,NA,1,0,2,2,NA,1,1,-1,-1,1,1,-1,1,2,2,0,1,-2,0,1,NA,1,0,-1,NA,0,NA,NA,0,0,0,0
Howea_forsteriana_CGC,0,0,0,NA,0,1,0,0,1,1,0,1,-1,NA,NA,NA,NA,1,NA,0,0,NA,-1,1,-1,-1,-1,1,-1,1,2,2,0,1,-2,0,1,1,-1,0,-1,-1,0,NA,NA,0,0,0,0
Hoya_australis_PMC,0,NA,0,1,1,NA,1,0,1,NA,1,0,NA,NA,NA,NA,NA,1,0,0,0,0,NA,1,-1,1,1,-1,NA,NA,2,2,0,1,-2,0,1,NA,NA,0,-1,-1,0,NA,NA,0,0,0,0
Hoya_multiflora,0,NA,0,NA,NA,0,NA,0,NA,0,0,0,NA,-1,NA,NA,NA,-2,0,0,0,NA,NA,1,-1,1,-1,-1,NA,NA,2,2,1,1,-2,0,1,NA,NA,0,-1,0,0,NA,NA,0,0,0,0
Hunnemannia_fumariifolia_CGC,0,0,0,NA,NA,0,0,0,0,0,0,0,NA,NA,NA,NA,NA,1,1,0,0,0,1,1,-1,-1,NA,-1,-1,NA,2,2,0,1,-2,0,1,-1,NA,0,-1,1,0,NA,NA,0,0,0,0
Hura_crepitans,1,0,0,1,1,NA,1,0,1,1,0,0,-1,-1,NA,1,NA,1,1,0,NA,0,1,1,-1,-1,1,-1,-1,NA,2,2,0,1,-2,0,1,NA,NA,0,-1,-1,0,NA,NA,0,0,0,0
Hyophorbe_verschaffeltii,0,NA,0,-1,0,NA,0,0,NA,1,0,0,-1,NA,NA,-1,NA,-2,0,0,0,0,-1,1,-1,-1,-1,1,-1,1,2,2,0,1,-2,1,1,NA,NA,0,-1,-1,0,NA,NA,0,0,0,0
Hypoestes_phyllostachya,0,NA,0,NA,0,0,0,0,1,1,0,1,NA,NA,-1,1,NA,1,NA,0,2,1,1,1,1,1,1,-1,-1,NA,2,2,1,1,-2,0,1,NA,1,0,1,1,0,NA,NA,0,0,0,0
Iguanura_bicornis,0,NA,0,NA,0,NA,0,0,1,NA,0,0,-1,NA,NA,NA,NA,0,0,0,0,0,-1,1,-1,-1,NA,-1,-1,1,2,2,0,1,0,0,1,NA,NA,0,NA,NA,0,NA,NA,0,0,0,0
Ilex_aquifolium,1,NA,0,-1,0,0,1,0,1,1,0,1,1,1,NA,1,NA,1,0,0,2,1,-1,1,NA,-1,NA,1,-1,1,2,2,1,1,-2,0,1,NA,-1,0,1,-1,0,NA,NA,0,0,0,0
Impatiens_hawkeri,0,NA,0,-1,0,0,0,0,1,NA,0,0,NA,NA,NA,NA,NA,NA,0,0,0,1,NA,1,NA,1,1,-1,-1,NA,2,2,1,1,-2,0,1,NA,NA,NA,1,1,0,NA,NA,0,0,0,0
Inga_edulis,0,NA,0,-1,0,0,0,0,NA,1,0,0,-1,-1,NA,1,NA,1,0,0,0,NA,-1,1,-1,-1,NA,1,NA,1,2,2,1,1,-2,0,1,NA,-1,0,-1,0,0,NA,NA,0,0,1,0
Inga_feuilleei,0,NA,0,-1,0,NA,0,0,0,1,0,0,NA,-1,NA,1,NA,1,0,0,0,NA,-1,1,-1,-1,NA,1,NA,1,2,2,1,1,-2,0,1,NA,-1,0,-1,-1,0,NA,NA,0,0,1,0
Inga_laurina,0,0,0,-1,0,1,0,0,1,1,0,0,-1,-1,-1,1,NA,1,0,0,0,NA,-1,1,-1,-1,1,1,1,1,2,2,0,1,0,0,1,NA,NA,0,-1,NA,0,NA,NA,0,0,1,0
Ipomoea_batatas_Hawaii,0,1,0,-1,0,NA,0,0,0,1,1,0,-1,NA,NA,1,NA,1,0,0,0,1,1,1,-1,-1,NA,-1,-1,-1,2,2,1,1,-2,0,NA,-1,-1,0,1,NA,-3,1,-1,0,0,0,1
Ipomoea_triloba,0,0,0,NA,1,NA,1,0,1,NA,1,0,-1,NA,-1,NA,1,1,NA,2,NA,1,NA,NA,1,-1,NA,-1,NA,1,2,2,0,1,-2,0,1,NA,1,0,-1,1,0,NA,NA,0,1,0,0
Ixora_pavetta,0,NA,0,NA,0,NA,0,0,1,NA,0,NA,NA,NA,NA,NA,NA,0,0,0,0,0,-1,1,-1,-1,NA,1,-1,1,NA,2,0,1,0,0,1,NA,-1,0,NA,NA,0,NA,NA,0,0,0,0
Jasminum_grandiflorum_CGC,0,0,0,NA,0,0,0,0,0,1,1,0,-1,NA,-1,NA,NA,NA,0,0,0,1,-1,1,-1,-1,-1,1,-1,NA,2,2,0,1,-2,0,1,NA,NA,-1,1,1,0,NA,NA,0,0,0,0
Joannesia_princeps,0,0,0,NA,NA,NA,1,0,1,1,0,0,NA,NA,NA,NA,NA,NA,0,0,0,0,-1,1,-1,-1,NA,-1,-1,NA,2,2,0,1,-2,0,1,NA,NA,0,-1,NA,0,NA,NA,0,0,0,0
Juniperus_bermudiana,0,NA,0,-1,0,NA,0,NA,0,0,0,1,NA,NA,NA,NA,1,1,1,0,NA,1,-1,1,-1,-1,-1,1,NA,1,2,2,0,1,-2,1,1,1,-1,0,-1,-1,0,NA,NA,0,0,0,0
Justicia_carnea,0,NA,0,NA,0,NA,0,0,1,1,0,1,NA,NA,NA,1,NA,1,0,0,2,1,1,1,-1,-1,NA,-1,-1,NA,2,2,0,1,-2,0,NA,NA,NA,NA,1,NA,0,NA,NA,0,0,0,0
Justicia_pectoralis,0,NA,0,NA,NA,0,NA,0,1,0,0,NA,-1,NA,NA,NA,NA,1,1,0,0,1,1,1,-1,NA,NA,-1,NA,NA,2,2,0,1,0,0,1,NA,NA,-1,1,NA,0,NA,NA,0,0,0,0
Justicia_spicigera,0,NA,0,NA,NA,0,NA,0,1,1,0,NA,-1,NA,NA,1,NA,1,0,0,0,1,NA,1,-1,NA,NA,-1,NA,NA,2,2,1,1,-2,0,1,NA,NA,-1,1,0,0,NA,NA,0,0,0,0
Keteleeria_davidiana,0,NA,0,NA,0,NA,0,NA,0,0,0,0,NA,NA,NA,1,NA,0,0,0,0,0,-1,1,-1,1,-1,-1,NA,NA,2,2,0,1,0,0,1,NA,NA,0,-1,NA,0,NA,NA,0,0,0,0
Koeleria_glauca,0,0,0,1,0,0,0,0,0,0,0,0,NA,NA,NA,NA,NA,-2,0,0,0,NA,NA,1,1,NA,-1,-1,1,NA,0,2,1,0,-2,0,1,NA,NA,0,-1,1,0,NA,NA,0,1,0,0
Kopsia_arborea_PMC,0,NA,0,NA,NA,NA,1,NA,NA,1,0,NA,-1,-1,NA,NA,NA,0,0,0,0,0,-1,1,-1,-1,NA,1,-1,1,2,2,1,1,0,0,1,NA,NA,0,NA,NA,0,NA,NA,0,0,0,0
Lagunaria_patersonia_PMC,0,NA,0,-1,0,NA,1,NA,0,NA,0,NA,NA,1,NA,NA,NA,1,NA,0,2,0,1,1,-1,-1,1,-1,-1,NA,2,2,1,1,-2,0,1,NA,NA,0,-1,-1,0,NA,NA,0,0,0,0
Lamarckia_aurea_PMC,0,NA,0,-1,0,NA,0,0,0,NA,0,0,1,NA,NA,1,NA,1,0,0,0,0,1,1,-1,NA,NA,NA,1,NA,2,2,1,1,-2,0,1,NA,1,0,NA,1,0,NA,NA,0,1,0,0
Lansium_domesticum,0,0,0,NA,NA,NA,NA,0,1,0,0,0,-1,-1,NA,NA,NA,NA,0,0,0,0,NA,1,-1,-1,-1,1,NA,1,2,2,0,1,-2,0,1,NA,1,0,-1,-1,0,NA,NA,0,0,0,0
Laportea_aestuans,0,NA,0,NA,0,NA,0,0,1,1,0,0,1,NA,NA,NA,NA,1,0,2,0,0,1,-1,-1,-1,1,NA,-1,NA,2,2,0,1,0,0,1,NA,NA,0,NA,1,0,NA,NA,0,0,0,0
Laurus_nobilis,0,0,0,-1,0,1,NA,1,1,1,0,NA,NA,NA,NA,1,NA,1,1,0,0,0,-1,1,-1,-1,-1,1,-1,1,1,0,1,0,-2,0,1,-1,-1,0,NA,NA,0,NA,NA,0,0,0,0
Lavandula_dentata,0,0,0,1,0,0,0,0,0,1,0,0,-1,NA,NA,NA,NA,1,NA,0,0,1,NA,1,NA,-1,-1,-1,NA,NA,1,2,0,0,-2,0,1,NA,NA,0,-1,0,0,NA,NA,0,0,0,0
Lavandula_x_intermedia,0,NA,0,1,0,NA,0,0,0,1,0,0,-1,-1,NA,-1,NA,NA,0,0,0,1,-1,1,-1,-1,-1,-1,-1,NA,1,0,0,0,-2,NA,-1,NA,NA,0,-1,0,NA,NA,NA,0,0,0,0
Lawsonia_inermis,1,0,0,-1,0,0,1,0,NA,1,0,0,NA,NA,NA,1,NA,1,NA,0,0,0,-1,1,-1,-1,NA,1,-1,1,2,0,1,1,-2,0,1,NA,NA,0,-1,-1,0,NA,NA,0,0,0,0
Lebronnecia_kokioides_PMC,0,NA,0,-1,NA,NA,NA,NA,NA,NA,0,NA,-1,NA,NA,NA,NA,0,0,0,0,0,-1,1,NA,-1,NA,NA,-1,NA,2,2,0,1,0,NA,1,NA,NA,NA,NA,NA,0,NA,NA,0,0,0,0
Lecythis_zabucajo,0,NA,0,NA,0,0,0,NA,NA,NA,0,NA,-1,NA,NA,NA,NA,0,0,0,0,0,-1,1,-1,-1,1,-1,-1,NA,2,2,0,1,0,0,1,NA,NA,0,-1,-1,0,NA,NA,0,0,0,0
Leptochloa_panicea,0,0,0,-1,0,NA,0,0,NA,NA,0,0,-1,NA,NA,NA,NA,1,NA,2,NA,1,1,-1,1,NA,1,-1,1,NA,2,2,1,1,-1,0,1,NA,NA,0,-1,1,0,NA,NA,0,1,0,0
Leptospermum_laevigatum_CGC,0,0,0,-1,0,0,0,1,0,1,0,1,1,-1,-1,1,NA,1,0,0,2,1,1,1,-1,1,1,-1,-1,NA,2,2,0,1,-2,0,1,NA,NA,0,-1,-1,0,NA,NA,0,0,0,0
Leptospermum_scoparium_revised,1,NA,0,NA,0,NA,0,0,NA,1,0,1,1,-1,NA,1,NA,1,NA,2,2,1,1,1,-1,1,NA,-1,-1,-1,2,2,1,1,-2,1,1,1,1,0,-1,NA,0,NA,NA,0,0,0,0
Leucaena_KX2-Hawaii,0,NA,0,-1,NA,0,0,NA,1,1,0,NA,-1,1,-1,1,1,-2,0,0,0,1,-1,1,-1,NA,NA,NA,-1,1,2,2,1,1,-2,NA,1,NA,-1,0,-1,0,0,NA,NA,0,0,1,0
Leucaena_Wondergraze,0,NA,0,-1,NA,0,0,NA,1,1,0,NA,NA,1,-1,1,NA,NA,0,0,NA,1,NA,1,-1,NA,NA,NA,-1,1,2,2,NA,1,0,NA,1,NA,1,0,-1,0,0,NA,NA,0,0,1,0
Leycesteria_formosa_PMC,0,NA,0,NA,0,NA,0,NA,1,1,0,1,1,NA,NA,1,NA,1,0,NA,2,0,1,1,NA,-1,1,1,-1,1,2,2,1,1,-2,0,1,NA,NA,0,1,0,0,NA,NA,0,0,0,0
Licania_platypus,0,0,0,NA,0,NA,NA,0,1,1,0,0,-1,-1,NA,NA,NA,-1,0,0,0,0,-1,1,-1,-1,NA,NA,1,1,2,2,0,1,-1,0,1,NA,NA,0,-1,-1,0,NA,NA,0,0,0,0
Licuala_grandis,1,NA,0,NA,0,NA,0,0,1,1,0,NA,NA,NA,NA,NA,NA,1,0,0,NA,0,-1,1,-1,-1,-1,1,1,1,2,2,0,1,-2,0,1,NA,NA,0,-1,NA,0,NA,NA,0,0,0,0
Linaria_purpurea,0,NA,0,NA,0,NA,0,0,0,0,0,NA,NA,NA,NA,NA,NA,1,0,0,0,1,NA,1,-1,-1,NA,-1,-1,NA,0,2,1,0,0,0,1,1,NA,0,NA,NA,0,NA,NA,0,0,0,0
Liriodendron_tulipifera,0,0,0,-1,0,NA,0,0,0,1,0,1,-1,1,NA,1,NA,1,1,NA,0,0,-1,1,-1,1,-1,-1,NA,-1,0,1,1,0,-2,0,1,NA,1,0,-1,-1,0,NA,NA,0,0,0,0
Livistona_australis,1,0,0,-1,0,0,0,0,NA,1,0,1,-1,-1,NA,NA,NA,1,0,0,0,1,-1,1,-1,-1,NA,1,-1,1,2,2,1,1,NA,0,1,NA,-1,0,-1,-1,0,NA,NA,0,0,0,0
Livistona_saribus,1,NA,0,NA,0,NA,0,0,1,NA,0,NA,NA,NA,NA,NA,NA,0,0,0,0,1,-1,1,-1,-1,1,1,-1,1,2,2,0,1,0,0,1,NA,NA,0,NA,NA,0,NA,NA,0,0,0,0
Lobularia_maritima_CGC,0,0,0,1,0,0,0,0,NA,1,0,NA,NA,-1,NA,NA,NA,1,NA,NA,2,0,1,1,-1,-1,NA,-1,1,NA,1,2,1,1,-2,0,1,NA,1,0,-1,1,0,NA,NA,0,0,0,0
Lophanthera_lactescens,0,NA,0,NA,0,NA,0,0,0,NA,0,NA,NA,NA,NA,NA,NA,0,0,0,0,0,NA,1,-1,-1,1,-1,-1,NA,2,2,0,1,0,0,1,NA,1,0,-1,NA,0,NA,NA,0,0,0,0
Lophospermum_erubescens,0,0,0,NA,0,NA,0,0,NA,0,1,1,NA,NA,NA,1,1,1,NA,0,2,0,NA,1,-1,1,-1,-1,-1,-1,2,2,1,1,-2,0,1,-1,1,0,-1,1,0,NA,NA,0,0,0,0
Luma_apiculata,0,0,0,-1,0,0,0,0,1,1,0,0,-1,-1,-1,1,NA,1,NA,0,0,0,-1,1,-1,-1,NA,1,-1,1,1,2,0,0,-2,0,1,NA,1,0,-1,0,0,NA,NA,0,0,0,0
Lysiloma_latisiliquum,0,NA,0,-1,0,0,0,0,0,1,0,0,NA,1,NA,-1,NA,1,0,0,0,NA,-1,1,-1,1,-1,-1,-1,NA,2,2,0,1,0,0,1,NA,NA,0,NA,NA,0,NA,NA,0,0,1,0
Macaranga_tanarius_PMC,1,NA,0,-1,0,NA,0,NA,NA,1,0,1,NA,NA,NA,1,NA,1,1,0,0,1,NA,1,-1,-1,NA,1,1,1,2,2,1,1,-2,0,1,NA,-1,0,-1,NA,0,NA,NA,0,0,0,0
Maesopsis_eminii,0,0,0,-1,0,0,0,NA,1,1,0,1,-1,-1,NA,1,NA,1,NA,0,2,0,NA,1,-1,-1,-1,1,NA,1,2,2,0,1,-2,NA,1,NA,NA,0,-1,0,0,NA,NA,0,0,0,0
Mammea_americana,0,NA,0,NA,1,0,1,NA,NA,1,0,NA,-1,-1,NA,1,NA,NA,0,0,0,0,-1,1,-1,-1,NA,NA,-1,NA,2,2,1,1,-2,0,1,NA,-1,0,-1,-1,0,NA,NA,0,0,0,0
Mandevilla_boliviensis,0,NA,0,NA,1,0,1,0,NA,0,1,0,NA,NA,NA,NA,NA,-2,0,0,0,1,-1,1,-1,1,-1,-1,NA,NA,2,2,0,1,-2,0,1,NA,NA,-1,-1,NA,0,NA,NA,0,0,0,0
Mandevilla_sanderi,0,NA,0,NA,1,0,1,0,0,1,1,0,-1,-1,NA,NA,NA,-2,0,0,0,1,-1,1,-1,1,-1,-1,NA,NA,2,2,0,1,-2,NA,-1,NA,NA,-1,-1,NA,0,NA,NA,0,0,0,0
Manicaria_saccifera,0,NA,0,NA,0,NA,0,0,NA,NA,0,NA,NA,NA,NA,1,NA,0,0,0,0,0,-1,1,-1,-1,1,-1,-1,-1,2,2,0,1,0,0,1,NA,NA,NA,NA,NA,0,NA,NA,0,0,0,0
Manihot_glaziovii,0,0,0,-1,NA,0,0,0,NA,1,0,0,NA,1,NA,NA,NA,1,1,0,NA,1,-1,1,-1,-1,-1,-1,1,NA,2,2,1,1,-2,0,1,1,1,0,-1,0,0,NA,NA,0,0,0,0
Manilkara_zapota,0,0,0,NA,0,0,NA,0,1,1,0,1,-1,NA,-1,1,NA,1,0,0,2,0,-1,1,-1,-1,-1,1,NA,1,2,2,1,1,-2,0,1,NA,1,0,-1,-1,0,NA,NA,0,0,0,0
Matisia_cordata,0,NA,0,NA,0,0,0,0,1,1,0,0,NA,-1,NA,NA,NA,-2,0,0,0,0,-1,1,-1,-1,NA,-1,1,1,2,2,0,1,-2,0,1,NA,1,0,-1,-1,-3,-1,-1,0,0,0,0
Maurandella_antirrhiniflora,0,NA,0,NA,0,NA,0,0,NA,1,1,0,NA,NA,NA,-1,NA,1,0,0,0,1,-1,1,-1,NA,1,-1,-1,-1,2,2,1,1,0,0,1,NA,1,0,-1,NA,0,NA,NA,0,0,0,0
Megaskepasma_erythrochlamys,0,0,0,NA,0,1,0,0,1,1,0,NA,-1,NA,NA,1,NA,1,0,0,NA,0,NA,1,-1,1,NA,-1,-1,-1,2,2,1,1,-2,0,1,-1,NA,NA,1,0,0,NA,NA,0,0,0,0
Melaleuca_diosmifolia_PMC,0,NA,0,NA,0,NA,0,1,NA,NA,0,NA,NA,1,NA,1,NA,1,0,0,2,1,1,1,-1,1,1,NA,-1,NA,2,2,NA,1,NA,0,1,NA,NA,0,-1,NA,0,NA,NA,0,0,0,0
Melastoma_sanguineum,0,NA,0,NA,0,NA,0,0,NA,NA,0,1,NA,NA,-1,NA,NA,1,0,0,2,1,1,1,NA,-1,-1,1,NA,1,2,2,0,1,-1,0,1,NA,NA,0,-1,0,0,NA,NA,0,0,0,0
Melicoccus_bijugatus,0,NA,0,-1,0,0,0,0,0,1,0,NA,NA,-1,-1,1,NA,1,1,0,NA,0,NA,1,-1,-1,-1,1,NA,1,2,2,1,1,-2,0,1,NA,NA,0,-1,-1,0,NA,NA,0,0,0,0
Melicope_elleryana,0,0,0,NA,NA,0,NA,0,NA,1,0,0,NA,NA,NA,1,NA,1,NA,0,0,0,-1,1,-1,-1,NA,1,-1,1,2,2,0,1,0,0,1,NA,NA,0,-1,0,0,NA,NA,0,0,0,0
Mesua_ferrea,0,NA,0,NA,0,NA,NA,0,1,0,0,0,NA,-1,NA,1,NA,1,0,0,0,0,-1,1,-1,-1,-1,-1,-1,NA,2,2,1,1,-1,0,1,NA,NA,0,-1,-1,0,NA,NA,0,0,0,0
Metrosideros_collina,0,0,0,-1,0,NA,0,0,NA,NA,0,0,1,NA,NA,NA,NA,-1,0,0,0,1,NA,1,-1,1,1,-1,NA,NA,2,2,0,1,-1,0,1,NA,1,0,-1,-1,0,NA,NA,0,0,0,0
Metrosideros_excelsa,0,0,0,-1,0,0,0,NA,0,1,0,1,1,-1,NA,1,NA,1,0,0,2,0,NA,1,-1,1,-1,-1,-1,NA,1,1,0,0,-2,0,1,1,1,0,-1,NA,0,NA,NA,0,0,0,0
Mimusops_caffra,0,NA,0,-1,0,1,0,0,0,0,0,NA,-1,NA,NA,1,NA,NA,0,0,0,NA,-1,1,-1,-1,1,1,-1,1,2,2,0,1,-2,0,1,NA,NA,0,1,-1,0,NA,NA,0,0,0,0
Mirabilis_jalapa_PMC,0,NA,0,NA,NA,0,1,0,1,1,0,0,-1,NA,NA,1,NA,1,1,0,0,1,NA,1,-1,-1,1,NA,-1,NA,2,2,1,1,-2,0,1,NA,1,0,1,1,0,NA,NA,0,0,0,1
Miscanthus_floridulus_revised,1,1,0,-1,0,1,0,1,NA,1,0,1,NA,-1,-1,1,1,1,NA,2,NA,1,NA,1,NA,1,NA,-1,NA,NA,2,1,1,1,-2,0,1,NA,NA,0,NA,0,0,NA,NA,0,1,0,NA
Mitragyna_speciosa_PMC,0,NA,0,NA,NA,NA,0,0,NA,NA,0,0,NA,NA,NA,NA,NA,0,0,0,0,0,-1,1,-1,1,1,-1,-1,NA,2,2,0,0,0,0,1,1,NA,0,-1,NA,0,NA,NA,0,0,NA,0
Momordica_charantia_CGC,0,0,0,1,1,1,1,0,0,1,1,0,-1,NA,-1,NA,NA,1,0,2,0,1,-1,1,-1,-1,-1,1,-1,1,2,2,1,1,-2,0,1,NA,1,0,-1,1,-3,1,1,0,0,0,0
Morella_cerifera_CGC,0,1,0,-1,0,0,0,1,1,1,0,1,NA,NA,-1,1,1,1,0,2,2,1,-1,1,-1,-1,NA,1,-1,1,2,2,0,1,0,0,1,1,-1,0,1,0,0,NA,NA,0,0,1,0
Morella_faya_revised,0,NA,0,1,0,1,0,0,0,1,0,1,1,1,-1,1,-1,1,0,2,2,1,-1,1,-1,-1,-1,1,-1,1,2,2,1,1,-2,0,1,-1,1,0,-1,-1,0,NA,NA,0,0,1,0
Mucuna_bennettii,0,NA,0,NA,NA,0,1,NA,1,NA,1,0,NA,NA,NA,NA,NA,-2,0,0,0,1,-1,1,-1,-1,1,-1,NA,NA,2,2,0,1,-2,NA,1,NA,NA,-1,-1,0,0,NA,NA,0,0,1,0
Mucuna_bracteata,0,NA,0,1,0,0,0,0,1,NA,1,0,-1,1,-1,1,NA,0,NA,NA,0,1,-1,1,-1,-1,NA,-1,-1,NA,2,2,1,1,0,0,1,NA,NA,0,NA,1,0,NA,NA,0,0,1,0
Muehlenbeckia_platyclada,0,NA,0,NA,0,0,0,0,1,NA,NA,0,NA,-1,NA,1,NA,1,NA,0,0,1,-1,1,-1,-1,NA,1,-1,1,2,2,0,1,-2,0,1,NA,NA,0,NA,NA,0,NA,NA,0,0,0,0
Muhlenbergia_capillaris,0,NA,0,-1,0,0,0,NA,NA,1,0,1,NA,NA,-1,1,NA,-1,0,0,0,1,NA,1,NA,NA,-1,-1,1,NA,2,2,1,1,-1,NA,1,NA,NA,0,-1,0,0,NA,NA,0,1,0,0
Muhlenbergia_rigens,NA,NA,0,-1,0,0,0,1,NA,1,0,1,NA,NA,-1,1,NA,-1,0,NA,0,1,NA,1,NA,NA,1,-1,-1,NA,1,2,1,1,-1,0,1,NA,NA,0,1,0,0,NA,NA,0,1,0,0
Myriophyllum_aquaticum,0,0,0,NA,0,NA,0,0,1,0,0,1,-1,-1,-1,1,NA,1,0,2,2,1,1,1,NA,-1,1,NA,1,NA,2,2,1,1,-2,0,-1,NA,-1,NA,1,1,0,NA,NA,5,0,0,0
Myristica_fragrans,0,NA,0,NA,NA,NA,NA,0,1,1,0,0,-1,-1,NA,NA,NA,1,NA,0,0,NA,-1,1,-1,-1,-1,1,-1,1,2,2,0,1,-2,NA,1,NA,-1,0,-1,-1,0,NA,NA,0,0,0,0
Nandina_domestica,0,0,0,1,1,0,NA,0,1,1,0,1,NA,NA,-1,1,NA,1,0,0,2,0,-1,1,-1,-1,NA,1,-1,1,0,1,1,1,-2,0,1,-1,NA,NA,1,0,-3,1,1,0,0,0,0
Nephelium_lappaceum,0,NA,0,-1,0,NA,0,0,1,1,0,0,-1,-1,NA,NA,NA,-2,0,0,0,0,-1,1,-1,-1,NA,-1,-1,1,2,2,0,1,-2,0,1,NA,1,0,-1,-1,0,NA,NA,0,0,0,0
Nephrolepis_biserrata_CGC,0,0,0,-1,0,0,0,NA,1,1,0,1,1,NA,-1,1,NA,1,1,NA,NA,1,NA,1,NA,1,1,-1,-1,-1,2,2,0,1,-2,0,1,1,NA,0,1,0,0,NA,NA,0,0,0,0
Nicotiana_tabacum,0,NA,0,1,1,NA,1,0,0,1,0,0,1,NA,NA,NA,NA,1,0,0,0,1,NA,1,-1,-1,NA,NA,-1,NA,2,2,1,1,-2,0,1,NA,1,0,-1,1,-3,1,NA,0,0,0,0
Nopalea_cochenillifera,NA,NA,0,-1,0,1,0,0,1,1,0,1,NA,NA,NA,NA,NA,1,0,0,0,0,1,1,NA,-1,-1,1,-1,-1,2,2,0,1,-2,0,1,NA,NA,-1,1,1,NA,NA,NA,0,0,0,0
Norantea_guianensis,0,NA,0,NA,0,NA,0,0,NA,NA,1,0,NA,NA,NA,NA,NA,1,NA,0,0,0,NA,1,NA,-1,NA,1,-1,1,2,2,1,1,0,0,1,NA,NA,NA,NA,NA,0,NA,NA,0,0,0,0
Normanbya_normanbyi,0,0,0,NA,0,NA,0,0,NA,NA,0,0,-1,NA,NA,NA,NA,-2,0,0,0,0,-1,1,-1,-1,1,1,NA,1,2,2,0,1,-2,0,1,-1,1,0,-1,NA,0,NA,NA,0,0,0,0
Nymphaea_capensis,0,NA,0,NA,0,0,0,0,0,0,NA,0,NA,NA,NA,NA,NA,1,1,NA,NA,1,-1,1,-1,-1,1,NA,NA,NA,2,2,0,1,-2,0,1,NA,1,0,-1,0,0,NA,NA,5,0,0,0
Nypa_fruticans,0,NA,0,-1,0,0,0,0,NA,0,0,1,NA,-1,NA,1,NA,1,0,2,2,0,-1,1,-1,-1,1,-1,-1,NA,2,2,0,1,0,0,1,-1,NA,0,1,0,0,NA,NA,0,0,0,0
Ochna_integerrima,0,NA,0,NA,NA,NA,0,0,1,NA,0,NA,-1,-1,NA,NA,NA,0,0,0,0,1,-1,1,-1,-1,NA,1,-1,1,2,2,1,1,0,0,1,NA,NA,0,-1,-1,0,NA,NA,0,0,0,0
Ochroma_pyramidale_PMC,0,NA,0,NA,0,NA,0,NA,0,1,0,NA,1,1,NA,-1,NA,1,0,0,2,0,1,1,-1,1,-1,-1,-1,NA,2,2,1,1,-2,0,1,NA,-1,0,-1,0,0,NA,NA,0,0,0,0
Ochrosia_elliptica,0,NA,0,NA,NA,0,1,0,NA,1,0,0,-1,NA,-1,NA,NA,1,NA,0,NA,NA,-1,1,-1,1,1,-1,-1,NA,2,2,0,1,-2,0,1,NA,NA,0,-1,0,0,NA,NA,0,0,0,0
Odontonema_tubaeforme,0,0,0,-1,0,0,0,0,1,1,0,1,-1,NA,NA,1,NA,1,NA,0,2,NA,1,1,-1,-1,1,-1,-1,NA,2,2,1,1,-2,0,1,NA,NA,-1,1,1,0,NA,NA,0,0,0,0
Oenocarpus_bataua,0,NA,0,NA,0,NA,0,0,1,NA,0,NA,-1,NA,NA,NA,NA,0,0,0,0,0,-1,1,-1,-1,1,1,-1,1,2,2,NA,1,0,0,1,1,NA,0,NA,-1,0,NA,NA,0,0,0,0
Olea_europaea_cuspidata,0,NA,0,-1,0,NA,0,NA,1,1,0,1,1,1,-1,1,1,1,0,0,2,0,-1,1,-1,-1,NA,1,-1,1,2,2,1,1,-2,0,1,NA,NA,0,-1,-1,0,NA,NA,0,0,0,0
Olea_europaea_europaea,0,NA,0,-1,0,NA,1,NA,0,1,0,1,-1,1,-1,1,NA,1,0,0,2,0,-1,1,-1,-1,-1,1,-1,1,1,2,0,1,-2,0,-1,NA,1,0,1,-1,-3,1,1,0,0,0,0
Oncosperma_tigillarium,1,NA,0,NA,0,NA,0,0,1,1,0,1,-1,NA,NA,NA,NA,1,0,0,0,0,-1,1,-1,-1,NA,1,-1,1,2,2,1,1,0,0,1,NA,NA,0,1,NA,0,NA,NA,0,0,0,0
Ormosia_monosperma,0,NA,0,NA,NA,NA,NA,NA,1,NA,0,0,-1,1,NA,NA,NA,-2,0,0,0,0,-1,1,-1,-1,NA,NA,-1,1,2,2,1,1,-2,0,1,NA,NA,0,NA,NA,0,NA,NA,0,0,1,0
Osa_pulchra,0,NA,0,NA,NA,NA,0,0,1,NA,0,0,-1,NA,NA,NA,NA,0,0,0,0,0,-1,1,-1,-1,NA,-1,NA,NA,2,2,0,1,0,NA,1,NA,NA,-1,-1,0,0,NA,NA,0,0,0,0
Osmoxylon_lineare,0,NA,0,NA,0,NA,0,0,1,NA,0,NA,NA,NA,NA,NA,NA,-1,0,0,0,0,NA,1,-1,-1,NA,1,NA,1,2,2,0,1,-1,NA,1,NA,NA,NA,NA,NA,0,NA,NA,0,0,0,0
Oxalis_barrelieri,0,NA,0,NA,NA,NA,NA,0,0,1,0,0,NA,NA,-1,NA,NA,1,1,NA,0,1,1,1,NA,NA,1,-1,1,NA,2,2,1,1,-2,0,1,NA,NA,0,NA,1,0,NA,NA,0,0,0,0
Pachypodium_lamerei,1,NA,0,NA,NA,NA,1,0,0,1,0,0,NA,-1,NA,1,NA,-1,0,0,0,0,-1,1,-1,1,NA,NA,NA,NA,2,2,0,1,-1,0,1,NA,NA,-1,-1,-1,0,NA,NA,0,0,0,0
Pandorea_jasminoides,0,NA,0,NA,0,NA,0,0,NA,1,1,0,NA,NA,NA,1,NA,-2,0,0,0,0,-1,1,-1,1,NA,-1,-1,NA,2,2,NA,1,-2,0,1,NA,-1,NA,NA,NA,0,NA,NA,0,0,0,0
Pararchidendron_pruinosum_PMC,0,NA,0,NA,NA,NA,NA,0,NA,1,0,NA,NA,-1,NA,NA,NA,0,0,0,0,0,-1,1,-1,-1,1,NA,-1,NA,2,2,1,1,0,0,1,NA,NA,0,-1,NA,0,NA,NA,0,0,1,0
Parkia_speciosa,0,NA,0,-1,0,NA,0,0,1,1,0,0,1,-1,NA,NA,NA,NA,0,0,0,0,-1,1,-1,-1,NA,1,-1,1,2,2,1,1,0,0,1,NA,-1,0,-1,-1,0,NA,NA,0,0,1,0
Parmentiera_aculeata,1,0,0,-1,0,NA,0,0,NA,1,0,1,NA,NA,NA,1,NA,1,0,NA,2,0,-1,1,-1,-1,NA,NA,-1,1,2,2,1,1,-2,0,1,NA,NA,0,-1,NA,0,NA,NA,0,0,0,0
Parmentiera_cereifera,0,0,0,NA,0,NA,0,0,NA,0,0,0,NA,NA,NA,NA,NA,1,NA,0,0,1,-1,1,-1,-1,-1,-1,-1,1,2,2,0,1,-2,0,1,NA,NA,-1,-1,-1,0,NA,NA,0,0,0,0
Passiflora_foetida_PMC,0,NA,0,-1,1,1,NA,0,1,1,1,0,NA,NA,1,1,NA,1,0,2,2,1,1,1,1,-1,1,1,-1,1,2,2,1,1,-2,0,1,1,1,0,-1,NA,0,NA,NA,0,0,0,0
Passiflora_mexicana_PMC,0,NA,0,NA,0,NA,NA,0,NA,NA,1,0,NA,NA,NA,NA,NA,0,0,0,0,1,-1,1,-1,-1,-1,1,-1,1,2,2,1,1,0,0,1,NA,NA,0,NA,NA,0,NA,NA,0,0,0,0
Passiflora_suberosa,0,0,0,-1,0,NA,NA,1,1,1,1,0,-1,NA,-1,1,NA,1,0,NA,2,1,-1,1,-1,-1,-1,1,-1,1,2,2,0,1,-2,0,1,NA,1,0,-1,1,0,NA,NA,0,0,1,0
Passiflora_vitifolia_PMC,0,NA,0,NA,0,NA,0,NA,1,0,1,0,1,-1,NA,1,NA,1,1,0,0,1,1,1,-1,-1,NA,1,-1,1,2,2,0,1,0,0,1,NA,-1,-1,1,NA,0,NA,NA,0,0,0,0
Pedilanthus_tithymaloides,0,NA,0,1,1,0,1,0,0,1,0,0,NA,NA,NA,1,NA,1,NA,0,0,0,1,1,-1,NA,-1,-1,-1,NA,2,2,0,1,-2,0,1,NA,NA,-1,1,NA,0,NA,NA,0,0,0,0
Pellionia_repens,0,0,0,NA,0,0,0,0,1,NA,0,0,NA,NA,NA,NA,NA,-2,0,0,0,0,-1,1,-1,-1,NA,-1,-1,NA,2,2,0,1,-2,0,1,NA,NA,0,1,NA,0,NA,NA,0,0,0,0
Peltogyne_purpurea,0,NA,0,NA,NA,NA,NA,0,0,0,0,0,NA,-1,NA,NA,NA,0,0,0,0,0,NA,1,-1,1,-1,-1,-1,NA,2,2,0,1,0,0,1,NA,NA,0,-1,-1,0,NA,NA,0,0,1,0
Pennisetum_americanum,0,0,0,-1,NA,NA,0,0,NA,1,0,0,1,NA,-1,1,NA,1,NA,2,NA,1,NA,1,1,-1,NA,-1,-1,NA,2,2,1,1,-2,0,1,NA,1,0,-1,1,-3,1,1,0,1,0,0
Pentas_lanceolata,0,0,0,1,0,0,0,0,NA,1,0,0,NA,-1,NA,NA,NA,1,NA,0,0,0,NA,1,NA,-1,NA,-1,-1,NA,2,2,1,1,-2,0,1,NA,1,0,-1,1,0,NA,NA,0,0,0,0
Pereskia_bleo,1,0,0,NA,0,0,0,0,NA,1,0,0,-1,NA,NA,1,NA,-2,0,0,0,1,-1,1,-1,-1,-1,1,-1,1,2,2,0,1,-2,0,1,-1,-1,0,NA,NA,0,NA,NA,0,0,0,0
Persicaria_tectoria,0,NA,0,NA,0,NA,0,0,NA,NA,0,0,NA,NA,NA,NA,NA,1,0,0,0,1,NA,1,-1,-1,1,NA,-1,NA,1,1,NA,1,0,0,1,NA,NA,0,-1,1,0,NA,NA,0,0,0,0
Phacelia_tanacetifolia,0,0,0,-1,0,0,NA,0,0,1,0,NA,NA,1,NA,-1,NA,1,NA,NA,0,1,1,1,1,-1,NA,-1,1,NA,0,2,1,0,-2,0,1,NA,NA,0,-1,1,0,NA,NA,0,0,0,0
Philadelphus_karwinskyanus,0,NA,0,NA,NA,NA,NA,0,NA,NA,1,1,-1,-1,NA,1,NA,1,1,0,NA,1,NA,1,-1,NA,-1,-1,-1,NA,2,2,1,1,0,NA,-1,NA,NA,NA,1,1,0,NA,NA,0,0,0,0
Phoenix_canariensis,1,NA,0,NA,0,1,0,0,NA,1,0,1,NA,NA,NA,1,NA,1,0,0,2,1,1,1,-1,-1,1,1,-1,1,2,2,1,1,-2,0,1,1,-1,0,NA,-1,0,NA,NA,0,0,0,0
Phyllanthus_reticulatus,0,0,0,-1,0,NA,NA,0,1,NA,1,NA,NA,NA,NA,NA,NA,1,0,2,0,1,NA,1,-1,-1,NA,1,-1,1,2,2,1,1,-1,0,1,1,NA,NA,-1,0,0,NA,NA,0,0,0,0
Phyllostachys_aurea_PMC,0,NA,0,-1,0,NA,0,NA,1,NA,0,1,-1,NA,-1,1,NA,1,NA,0,2,1,1,1,-1,NA,NA,-1,-1,NA,1,2,1,1,-2,0,1,NA,NA,0,1,1,0,NA,NA,0,1,0,0
Phyllostachys_nigra,0,NA,0,-1,0,NA,0,NA,1,1,0,1,NA,NA,NA,1,NA,1,0,0,2,1,1,1,-1,NA,1,NA,-1,NA,1,1,0,1,-2,0,NA,NA,NA,0,NA,NA,0,NA,NA,0,1,0,0
Picea_engelmannii,0,NA,0,-1,0,NA,0,1,1,0,0,1,-1,NA,NA,-1,NA,-2,0,0,0,1,-1,1,-1,1,-1,NA,NA,-1,0,2,0,0,-2,0,1,1,1,0,1,-1,0,NA,NA,0,0,0,0
Picea_pungens,0,NA,0,-1,0,NA,0,1,NA,1,0,1,NA,1,NA,-1,NA,1,0,0,0,1,-1,1,-1,1,-1,-1,NA,-1,0,2,1,0,-2,0,1,NA,1,0,-1,-1,0,NA,NA,0,0,0,0
Pilea_hyalina,0,NA,0,NA,NA,NA,NA,0,1,NA,0,NA,NA,NA,-1,NA,NA,NA,1,NA,0,1,NA,-1,1,NA,1,-1,NA,NA,2,2,1,1,0,0,1,NA,NA,0,NA,1,0,NA,NA,0,0,0,0
Pimenta_racemosa,0,NA,0,NA,NA,1,NA,0,NA,1,0,NA,-1,NA,NA,1,NA,1,0,0,2,1,-1,1,-1,-1,-1,1,-1,1,2,2,0,1,-2,0,1,-1,NA,0,-1,-1,0,NA,NA,0,0,0,0
Pinanga_coronata_CGC,0,0,0,NA,0,NA,0,0,1,0,0,1,-1,-1,NA,NA,NA,1,1,0,0,0,-1,1,-1,-1,-1,1,-1,1,2,2,0,1,-2,0,1,NA,NA,-1,NA,-1,0,NA,NA,0,0,0,0
Pinus_nigra,0,NA,0,-1,0,1,NA,1,1,1,0,1,1,1,1,1,NA,1,0,0,2,1,NA,1,-1,1,-1,-1,-1,-1,0,2,1,0,-2,0,1,1,-1,0,-1,-1,0,NA,NA,0,0,0,0
Pinus_strobus,0,0,0,-1,0,NA,0,1,1,1,0,1,NA,1,NA,1,NA,1,0,0,2,1,-1,1,-1,1,-1,-1,1,-1,0,1,1,0,-2,0,1,1,1,0,-1,-1,0,NA,NA,0,0,0,0
Pinus_thunbergii,0,NA,0,NA,0,NA,0,NA,0,1,0,NA,1,NA,NA,1,NA,1,1,0,0,1,NA,1,-1,1,NA,-1,-1,-1,0,0,1,0,-2,0,1,1,NA,0,-1,-1,0,NA,NA,0,0,0,0
Piptatherum_miliaceum,0,NA,0,-1,0,NA,0,NA,1,NA,0,0,NA,NA,NA,1,NA,1,0,0,2,0,1,1,NA,1,1,-1,1,NA,1,2,NA,1,0,0,1,NA,NA,0,-1,NA,0,NA,NA,NA,1,0,0
Pittosporum_undulatum_revised,0,0,0,-1,0,1,0,NA,1,1,0,1,NA,-1,-1,1,NA,1,NA,0,2,1,-1,1,-1,-1,-1,1,-1,1,2,2,1,1,-2,0,1,1,NA,0,-1,-1,0,NA,NA,0,0,0,0
Pittosporum_viridiflorum_revised,0,0,0,-1,0,0,0,0,1,1,0,0,NA,-1,-1,NA,NA,1,NA,0,NA,1,NA,1,-1,-1,1,1,1,1,2,2,1,1,-2,0,1,NA,NA,0,-1,-1,0,NA,NA,0,0,0,0
Plectranthus_neochilus_CGC,0,0,0,1,0,0,0,0,1,1,NA,0,NA,NA,NA,NA,NA,1,0,0,0,1,NA,1,-1,-1,-1,-1,-1,NA,2,2,0,1,-2,0,1,NA,NA,0,1,1,0,NA,NA,0,0,0,0
Plinia_edulis,0,NA,0,NA,0,NA,0,0,NA,0,0,NA,-1,-1,NA,NA,NA,0,0,0,0,0,-1,1,-1,-1,NA,1,-1,1,2,2,0,1,0,0,1,NA,NA,0,-1,-1,0,NA,NA,0,0,0,0
Pluchea_carolinensis_PMC,0,NA,0,NA,0,NA,0,NA,0,1,0,1,NA,NA,-1,1,NA,1,NA,2,2,1,1,1,-1,1,-1,-1,-1,-1,2,2,0,1,-2,0,1,1,NA,0,NA,0,0,NA,NA,0,0,0,0
Pluchea_indica_PMC,0,NA,0,NA,0,NA,0,NA,NA,0,0,1,NA,NA,-1,1,NA,1,0,2,2,1,-1,-1,-1,1,NA,-1,-1,-1,2,2,NA,1,-2,0,1,1,NA,0,NA,0,0,NA,NA,0,0,0,0
Plumeria_pudica_CGC,0,NA,0,NA,NA,0,1,0,0,1,0,0,-1,-1,NA,NA,NA,0,0,0,0,0,-1,1,-1,1,-1,-1,-1,NA,2,2,0,1,0,0,1,NA,-1,-1,-1,0,0,NA,NA,0,0,0,0
Podocarpus_henkelii_PMC,0,NA,0,NA,0,NA,1,NA,NA,1,0,NA,-1,-1,NA,-1,NA,0,0,0,0,1,-1,1,-1,-1,NA,1,-1,1,2,2,1,1,0,0,1,NA,-1,0,NA,NA,0,NA,NA,0,0,0,0
Podranea_ricasoliana,0,NA,0,NA,0,0,0,0,NA,1,1,0,-1,NA,-1,1,NA,1,1,0,0,0,1,1,-1,1,-1,-1,-1,-1,2,2,1,1,-2,0,1,NA,NA,0,1,NA,0,NA,NA,0,0,0,0
Polyscias_cumingiana_PMC,0,NA,0,NA,NA,NA,0,0,NA,NA,0,1,-1,NA,NA,1,NA,0,0,0,0,0,NA,1,-1,-1,NA,1,-1,1,2,2,1,1,0,0,NA,NA,NA,NA,NA,NA,0,NA,NA,0,0,0,0
Polyscias_nodosa,0,NA,0,NA,NA,NA,NA,0,NA,NA,0,0,1,NA,NA,1,NA,-2,0,0,0,NA,NA,1,-1,-1,NA,1,-1,1,2,2,0,1,-2,0,1,NA,-1,0,-1,NA,0,NA,NA,0,0,0,0
Pongamia_pinnata,0,NA,0,-1,0,0,NA,NA,1,1,0,0,-1,NA,NA,1,NA,1,1,NA,NA,0,-1,1,-1,-1,1,-1,-1,NA,2,2,1,1,-2,0,1,NA,1,0,1,-1,0,NA,NA,0,0,1,0
Portlandia_grandiflora,0,NA,0,NA,0,NA,0,0,NA,1,0,0,NA,NA,NA,NA,NA,-2,0,0,0,0,-1,1,-1,-1,NA,-1,-1,NA,2,2,NA,1,-2,0,1,NA,NA,NA,-1,0,0,NA,NA,0,0,0,0
Portulacaria_afra,0,0,0,-1,0,NA,0,0,NA,1,0,1,-1,-1,NA,1,NA,1,0,0,NA,0,1,1,-1,-1,-1,1,1,NA,1,2,1,0,-2,0,1,NA,NA,0,1,NA,0,NA,NA,0,0,0,0
Pouteria_caimito,0,0,0,NA,0,1,0,0,NA,1,0,0,-1,-1,-1,NA,NA,0,0,0,0,1,-1,1,-1,-1,NA,-1,-1,1,2,2,1,1,0,0,1,NA,1,0,-1,0,-3,-1,-1,0,0,0,0
Pouteria_campechiana,0,NA,0,NA,0,0,0,0,0,1,0,NA,-1,-1,NA,1,NA,-2,0,0,0,0,NA,NA,-1,-1,NA,1,-1,1,2,2,0,1,-2,0,1,NA,NA,NA,-1,-1,0,NA,NA,0,0,0,0
Pouteria_lucuma,0,NA,0,NA,0,NA,0,0,NA,1,0,0,-1,-1,NA,1,NA,0,0,0,0,NA,-1,1,-1,-1,-1,-1,NA,1,0,2,1,1,0,0,1,NA,1,0,-1,-1,0,NA,NA,0,0,0,0
Pouteria_sapota,0,NA,0,NA,0,NA,NA,0,NA,1,0,0,-1,-1,NA,NA,NA,1,0,0,0,NA,-1,1,-1,-1,NA,-1,-1,NA,2,2,NA,1,-2,0,1,NA,NA,0,-1,-1,0,NA,NA,0,0,0,0
Praxelis_clematidea,0,1,0,NA,NA,0,NA,0,1,1,0,1,1,NA,NA,1,NA,1,NA,2,2,0,1,-1,1,1,1,NA,1,NA,2,2,1,1,-2,0,1,NA,NA,0,1,1,0,NA,NA,0,0,0,0
Prosopis_glandulosa,1,NA,0,-1,NA,NA,NA,NA,0,1,0,1,NA,1,-1,1,NA,1,0,2,2,1,NA,1,-1,-1,1,1,-1,1,2,2,1,1,-2,0,1,1,-1,0,-1,0,0,NA,NA,0,0,1,0
Pseuderanthemum_carruthersii_CGC,0,0,0,NA,0,0,0,0,NA,1,0,0,-1,-1,NA,1,1,1,1,0,0,NA,NA,1,-1,-1,-1,-1,-1,NA,2,2,0,1,-2,0,-1,NA,NA,-1,1,NA,0,NA,NA,0,0,0,0
Pseudosamanea_guachapele,0,0,0,-1,0,0,0,0,0,NA,0,0,1,1,NA,1,NA,-2,0,0,0,NA,-1,1,-1,1,1,-1,-1,NA,2,2,1,1,-2,0,1,-1,NA,0,-1,-1,0,NA,NA,0,0,1,0
Pseudotsuga_menziesii,0,NA,0,-1,0,NA,0,1,1,1,0,1,NA,1,NA,1,NA,1,0,0,2,0,-1,1,-1,1,-1,NA,1,-1,0,2,1,0,-2,0,1,-1,1,0,-1,-1,0,NA,NA,0,0,0,0
Psychotria_carthagenensis,0,NA,0,NA,NA,NA,NA,0,1,NA,0,0,-1,NA,NA,NA,NA,0,NA,0,0,NA,-1,1,-1,-1,NA,1,-1,1,2,2,1,1,0,0,1,NA,1,0,-1,0,0,NA,NA,0,0,0,0
Psychotria_viridis,0,0,0,NA,1,NA,1,0,1,0,0,0,-1,-1,NA,NA,NA,-1,0,0,0,NA,-1,1,-1,-1,-1,1,-1,1,2,2,0,1,-1,0,1,NA,1,0,-1,NA,0,NA,NA,0,0,0,0
Pyracantha_koidzumii,1,0,0,NA,0,NA,0,0,0,1,0,0,NA,NA,-1,NA,NA,1,1,0,0,1,-1,1,-1,-1,NA,1,-1,1,2,2,0,1,-2,0,1,NA,NA,0,-1,0,0,NA,NA,0,0,0,0
Raphia_farinifera,1,NA,0,NA,0,NA,0,0,NA,0,0,NA,NA,NA,NA,1,NA,1,0,0,0,0,-1,NA,-1,-1,1,1,-1,1,2,2,1,1,0,0,1,NA,NA,0,NA,-1,0,NA,NA,0,0,0,0
Rapistrum_rugosum_PMC,0,NA,0,-1,0,NA,0,0,NA,1,0,0,NA,1,1,NA,NA,1,1,2,0,0,1,-1,1,-1,NA,-1,-1,NA,1,2,1,0,-2,0,1,NA,-1,0,-1,1,0,NA,NA,0,0,0,0
Rauvolfia_vomitoria_CGC,0,0,0,NA,1,1,1,0,1,1,0,1,NA,NA,NA,1,1,1,NA,2,2,NA,-1,1,-1,-1,1,1,-1,1,2,2,1,1,-2,0,1,NA,NA,0,-1,0,0,NA,NA,0,0,1,0
Reinhardtia_gracilis,0,NA,0,NA,0,NA,0,0,1,0,0,NA,-1,NA,NA,NA,NA,0,0,0,0,0,-1,1,-1,-1,NA,1,-1,1,2,2,0,1,0,0,1,NA,NA,NA,1,NA,0,NA,NA,0,0,0,0
Rhaphiolepis_umbellata_PMC,0,NA,0,-1,0,NA,0,NA,NA,1,0,NA,NA,NA,NA,NA,NA,0,1,0,0,0,-1,1,-1,-1,NA,1,-1,1,0,1,0,0,0,0,1,NA,NA,0,-1,NA,0,NA,NA,0,0,0,0
Rhipsalis_baccifera_CGC,0,0,0,NA,0,0,0,0,1,0,1,0,-1,-1,NA,-1,NA,0,0,0,0,0,NA,1,-1,-1,-1,1,NA,1,2,2,0,1,0,0,1,NA,NA,0,-1,NA,0,NA,NA,0,0,0,0
Rhizophora_mangle_revised,0,NA,0,-1,0,0,0,NA,1,1,0,1,-1,1,-1,-1,1,1,0,2,2,0,-1,1,-1,-1,1,-1,-1,NA,2,2,0,1,-2,0,1,1,1,0,1,0,0,NA,NA,0,0,0,0
Rhus_taitensis_PMC,0,NA,0,NA,0,NA,0,0,NA,1,0,NA,1,NA,NA,1,NA,1,0,0,0,1,NA,-1,-1,-1,NA,1,-1,1,2,2,NA,1,0,0,1,NA,NA,0,NA,NA,0,NA,NA,0,0,0,0
Rivina_humilis,0,0,0,-1,NA,NA,1,0,1,1,0,NA,1,1,-1,NA,NA,1,NA,NA,2,0,NA,1,-1,-1,NA,1,-1,1,2,2,1,1,-2,0,1,-1,1,0,-1,0,0,NA,NA,0,0,0,0
Roldana_petasitis,0,NA,0,NA,1,NA,1,0,NA,1,0,NA,NA,NA,-1,1,NA,1,NA,0,2,NA,1,1,-1,1,-1,-1,-1,NA,2,2,1,1,-2,0,1,NA,NA,0,1,0,0,NA,NA,0,0,0,0
Rosenbergiodendron_formosum,0,NA,0,NA,0,NA,0,0,1,NA,0,0,NA,NA,NA,NA,NA,NA,0,0,0,0,-1,1,-1,-1,-1,1,-1,1,2,2,0,1,-2,0,1,NA,NA,0,-1,1,0,NA,NA,0,0,0,0
Rubus_Boysen,NA,NA,0,-1,0,1,0,NA,NA,1,1,1,-1,NA,-1,1,NA,1,NA,0,2,1,1,1,NA,-1,-1,1,-1,1,0,1,1,0,-2,0,1,NA,1,0,1,0,0,NA,NA,0,0,0,0
Rubus_Marion,1,NA,0,NA,0,1,0,0,NA,0,0,NA,NA,NA,NA,1,NA,-2,NA,0,0,1,NA,1,NA,-1,-1,1,-1,1,0,1,0,0,-2,0,1,NA,NA,0,1,0,0,NA,NA,0,0,0,0
Rubus_Natchez,0,NA,0,NA,0,NA,0,NA,0,1,0,NA,NA,NA,NA,1,NA,-1,0,0,0,1,NA,1,NA,-1,-1,1,-1,1,2,0,1,NA,-1,0,1,NA,1,0,1,0,0,NA,NA,0,0,0,0
Rubus_sieboldii,1,NA,0,1,0,NA,0,NA,NA,1,0,NA,NA,NA,NA,NA,NA,1,1,0,NA,1,NA,1,-1,-1,-1,1,-1,1,2,2,NA,1,0,0,1,NA,NA,0,NA,NA,0,NA,NA,0,0,0,0
Rubus_Triple_Crown,0,NA,0,-1,0,NA,0,0,NA,0,0,NA,NA,NA,NA,1,NA,-2,0,0,0,1,NA,1,NA,-1,-1,1,-1,1,0,1,1,0,-2,0,1,NA,1,0,1,0,0,NA,NA,0,0,0,0
Ruellia_squarrosa_PMC,0,NA,0,NA,NA,0,0,0,1,0,0,0,-1,NA,NA,1,NA,1,0,0,0,1,-1,1,-1,-1,1,-1,-1,NA,2,2,0,1,-2,0,1,NA,1,0,1,NA,0,NA,NA,0,0,0,1
Salvia_hispanica,0,NA,0,-1,0,NA,0,0,NA,NA,0,0,1,NA,NA,NA,NA,1,0,0,0,1,-1,1,-1,-1,-1,-1,-1,NA,2,2,0,1,-2,0,1,-1,1,0,-1,1,-3,1,NA,0,0,0,0
Sandoricum_koetjape,0,1,0,-1,0,NA,0,0,1,1,0,NA,NA,-1,NA,NA,NA,1,0,0,NA,0,-1,1,-1,-1,-1,NA,NA,1,2,2,0,1,-2,0,1,NA,NA,0,-1,-1,0,NA,NA,0,0,0,0
Saraca_asoca,0,NA,0,NA,0,NA,0,0,1,0,0,1,NA,NA,NA,1,NA,-2,0,0,0,0,-1,1,-1,-1,1,-1,-1,NA,2,2,1,1,-2,0,1,NA,NA,0,-1,-1,0,NA,NA,0,0,1,0
Saraca_declinata_PMC,0,NA,0,NA,0,NA,0,NA,NA,NA,0,NA,NA,-1,NA,NA,NA,0,0,0,0,0,-1,1,-1,-1,NA,-1,-1,NA,2,2,0,1,0,0,1,NA,NA,0,-1,NA,0,NA,NA,0,0,1,0
Saraca_thaipingensis_CGC,0,NA,0,NA,0,NA,0,0,1,0,0,0,NA,NA,NA,1,NA,0,0,0,0,0,-1,1,-1,-1,1,-1,-1,NA,2,2,1,1,0,0,1,NA,NA,0,-1,0,0,NA,NA,0,0,1,0
Satakentia_liukiuensis,0,NA,0,NA,0,NA,0,0,1,NA,0,1,NA,NA,NA,NA,NA,-2,0,0,0,0,-1,1,-1,-1,-1,1,-1,1,2,2,0,1,-2,0,1,-1,NA,0,-1,NA,0,NA,NA,0,0,0,0
Sauropus_androgynus_CGC,0,0,0,-1,0,0,0,0,1,1,0,0,-1,-1,NA,1,1,1,1,0,0,0,1,1,-1,-1,-1,NA,-1,NA,2,2,1,1,-2,0,1,NA,NA,0,-1,0,0,NA,NA,0,0,0,0
Scadoxus_multiflorus,0,0,0,-1,1,0,1,0,1,0,0,0,-1,-1,NA,-1,NA,-2,0,0,0,0,-1,1,-1,-1,-1,1,-1,1,2,2,1,1,-2,0,1,NA,NA,NA,NA,0,0,NA,NA,0,0,0,1
Scaevola_aemula,0,NA,0,-1,0,0,0,0,NA,0,0,0,-1,NA,NA,-1,NA,-2,NA,0,0,1,-1,1,-1,-1,NA,NA,-1,NA,1,2,0,0,-2,NA,1,NA,NA,0,-1,1,0,NA,NA,0,0,0,0
Schefflera_heptaphylla,0,0,0,-1,0,NA,NA,0,1,NA,0,NA,-1,-1,NA,NA,NA,1,0,0,0,1,-1,1,-1,-1,-1,1,-1,1,2,2,1,1,0,0,1,NA,1,0,NA,NA,0,NA,NA,0,0,0,0
Schizachyrium_condensatum_revised,0,0,0,NA,0,0,0,1,0,NA,0,1,NA,NA,-1,1,1,1,0,0,2,NA,1,-1,1,1,-1,-1,NA,NA,2,2,1,1,0,0,1,NA,NA,0,-1,1,0,NA,NA,0,1,0,0
Schleichera_oleosa,0,NA,0,-1,0,NA,0,0,1,0,0,0,-1,-1,NA,1,NA,1,0,0,0,0,-1,1,-1,-1,-1,1,-1,1,2,2,1,1,0,0,1,-1,NA,0,1,-1,0,NA,NA,0,0,0,0
Sechium_edule,0,NA,0,-1,0,NA,0,0,1,0,1,0,-1,-1,NA,NA,NA,1,0,0,2,0,NA,1,-1,-1,NA,-1,-1,1,2,2,1,1,-2,0,1,NA,1,0,NA,1,-3,1,NA,0,0,0,1
Sedum_pachypyllum,0,NA,0,NA,0,NA,0,0,0,0,0,0,NA,NA,NA,NA,NA,0,0,0,0,1,-1,1,-1,NA,NA,NA,NA,NA,2,2,0,1,0,0,NA,NA,NA,0,1,NA,0,NA,NA,0,0,0,0
Senna_artemisioides,0,0,0,-1,1,0,0,1,0,1,0,1,-1,1,-1,1,NA,1,0,2,0,1,-1,1,-1,-1,-1,-1,-1,NA,2,2,0,1,-2,0,1,NA,1,0,-1,0,0,NA,NA,0,0,1,0
Senna_multijuga,0,0,0,-1,0,NA,0,0,NA,1,0,0,NA,1,-1,NA,NA,1,NA,0,0,1,1,1,-1,1,NA,-1,-1,NA,2,2,1,1,-2,0,1,NA,NA,0,-1,NA,0,NA,NA,0,0,1,0
Senna_obtusifolia,0,NA,0,-1,1,1,NA,0,0,1,0,1,1,1,-1,1,NA,1,0,2,0,1,1,1,1,-1,1,-1,1,1,2,2,1,1,-2,0,1,-1,1,0,-1,1,0,NA,NA,0,0,0,0
Setaria_italica_CGC,0,0,0,-1,NA,1,0,0,0,1,0,0,1,1,-1,-1,NA,1,NA,NA,NA,1,1,1,-1,-1,-1,NA,-1,1,2,2,1,1,-2,0,1,1,1,0,-1,1,-3,1,1,0,1,0,0
Setaria_sphacelata,0,0,0,-1,NA,1,0,0,1,1,0,1,NA,-1,-1,1,NA,1,NA,NA,2,1,1,1,NA,1,-1,-1,-1,1,2,2,1,1,-2,0,1,1,1,0,1,1,0,NA,NA,0,1,0,0
Sideroxylon_persimile,1,0,0,NA,0,NA,0,0,NA,1,0,0,-1,NA,NA,NA,NA,1,1,0,0,0,NA,1,-1,-1,1,1,-1,1,2,2,1,1,0,0,1,NA,NA,0,-1,NA,0,NA,NA,0,0,0,0
Sigesbeckia_orientalis_PMC,0,NA,0,NA,NA,NA,0,0,1,1,0,0,NA,NA,NA,1,NA,1,0,0,2,0,1,1,-1,-1,1,-1,1,NA,2,2,1,1,-2,0,1,NA,NA,0,-1,1,0,NA,NA,0,0,0,0
Silene_armeria,0,0,0,NA,NA,0,NA,0,NA,1,0,0,-1,NA,-1,NA,NA,1,1,NA,0,1,1,1,NA,-1,1,-1,-1,NA,0,0,1,NA,-2,0,1,NA,NA,0,-1,1,0,NA,NA,0,0,0,0
Sindora_supa,0,NA,0,NA,0,NA,0,NA,NA,1,0,NA,NA,NA,NA,NA,NA,1,0,0,0,0,-1,1,-1,-1,NA,NA,1,NA,2,2,NA,1,0,0,1,NA,NA,NA,NA,NA,0,NA,NA,0,0,1,0
Solanum_aethiopicum,1,0,0,NA,0,NA,0,0,NA,1,0,0,-1,NA,NA,NA,-1,1,0,0,0,1,-1,1,-1,-1,1,1,-1,1,2,2,0,1,-2,0,1,NA,1,0,-1,1,-3,1,-1,0,0,0,0
Solanum_betaceum,0,0,0,NA,NA,NA,NA,0,1,1,0,0,-1,-1,-1,1,NA,1,1,NA,0,1,NA,1,-1,-1,-1,1,-1,1,2,0,0,1,-2,0,1,NA,1,0,-1,0,0,NA,NA,0,0,0,0
Solanum_glaucophyllum_PMC,0,NA,0,-1,1,NA,0,0,NA,NA,0,1,NA,NA,NA,NA,NA,NA,0,2,0,1,1,1,-1,-1,1,1,-1,1,2,2,0,1,0,0,NA,NA,-1,0,1,NA,0,NA,NA,0,0,0,0
Solanum_mauritianum_PMC,0,NA,0,-1,NA,NA,1,NA,1,1,0,1,1,1,NA,1,NA,1,NA,2,2,1,1,-1,1,-1,1,1,-1,1,2,2,1,1,-2,0,1,NA,1,0,-1,1,0,NA,NA,0,0,0,0
Solanum_melongena,NA,NA,0,NA,0,NA,1,0,0,0,0,NA,NA,NA,NA,-1,NA,1,0,0,0,1,-1,1,-1,-1,NA,-1,-1,NA,1,2,0,1,-2,0,1,1,1,0,NA,1,-3,1,NA,0,0,0,0
Solanum_quitoense,1,NA,0,NA,0,NA,0,0,1,1,0,0,1,NA,-1,NA,NA,1,1,0,NA,1,-1,1,-1,-1,-1,1,-1,1,2,2,1,1,-2,0,1,NA,1,0,-1,1,NA,NA,NA,0,0,0,0
Solanum_torvum,1,NA,0,1,1,1,NA,0,0,1,0,1,-1,NA,-1,1,NA,1,NA,2,2,1,1,1,NA,-1,-1,1,-1,1,2,2,1,1,-2,0,1,NA,1,0,1,1,0,NA,NA,0,0,0,0
Soulamea_amara,0,NA,0,NA,NA,NA,NA,0,NA,0,0,0,NA,NA,NA,NA,NA,0,0,0,0,0,-1,NA,-1,-1,1,NA,-1,NA,2,2,0,1,0,0,1,NA,NA,0,NA,NA,0,NA,NA,0,0,0,0
Spathoglottis_plicata_PMC,0,NA,0,NA,0,NA,0,0,1,1,0,0,1,NA,NA,1,NA,1,0,0,2,0,1,1,-1,1,1,-1,-1,-1,2,2,1,1,-2,0,1,NA,1,0,1,0,0,NA,NA,0,0,0,1
Spathoglottis_unguiculata,0,0,0,NA,0,0,0,0,1,NA,0,0,NA,NA,NA,NA,NA,0,0,0,0,1,NA,1,NA,NA,NA,-1,-1,NA,2,2,0,1,0,0,NA,NA,NA,NA,-1,NA,0,NA,NA,0,0,0,1
Spiraea_cantoniensis_PMC,0,NA,0,1,0,NA,0,NA,0,NA,NA,NA,-1,NA,NA,NA,NA,1,0,0,2,1,NA,1,-1,NA,1,NA,-1,NA,0,1,0,1,-2,0,NA,NA,NA,0,-1,NA,0,NA,NA,0,0,0,0
Spondias_mombin_PMC,0,0,0,-1,0,1,0,0,0,1,0,0,1,-1,NA,1,NA,1,0,NA,0,0,NA,1,-1,-1,1,1,-1,1,2,2,1,1,-2,1,1,1,1,0,NA,-1,0,NA,NA,0,0,0,0
Spondias_purpurea,0,NA,0,-1,0,0,0,0,0,1,0,0,-1,NA,NA,1,NA,1,NA,0,0,NA,NA,NA,-1,-1,NA,1,NA,1,2,2,1,1,-2,0,1,1,-1,0,1,-1,0,NA,NA,0,0,0,0
Sporobolus_pyramidatus_PMC,0,NA,0,-1,0,NA,0,NA,NA,1,0,0,1,1,NA,NA,NA,1,0,0,0,1,1,NA,1,-1,1,NA,1,1,2,2,NA,1,0,0,1,NA,NA,0,NA,1,0,NA,NA,0,1,0,0
Stachytarpheta_mutabilis_PMC,0,NA,0,NA,NA,NA,0,NA,NA,NA,0,NA,-1,NA,NA,NA,NA,1,0,2,0,1,1,1,1,-1,1,NA,-1,NA,2,2,0,1,-2,0,1,1,NA,0,-1,1,0,NA,NA,0,0,0,0
Stapelia_gigantea_PMC,0,NA,0,NA,0,NA,0,0,NA,0,0,0,1,-1,NA,NA,NA,1,0,0,0,0,NA,1,-1,1,-1,-1,-1,NA,2,2,0,1,-2,0,1,NA,-1,0,1,0,0,1,NA,0,0,0,0
Stephanotis_floribunda,0,0,0,NA,0,NA,NA,0,NA,0,1,0,NA,NA,NA,-1,NA,-2,0,0,0,0,-1,1,-1,1,-1,-1,-1,NA,2,2,0,1,-2,0,1,NA,NA,0,-1,0,0,NA,NA,0,0,0,0
Strobilanthes_dyeriana,0,0,0,1,0,0,NA,0,1,NA,0,NA,-1,NA,NA,1,NA,1,1,NA,NA,1,NA,1,-1,-1,NA,-1,-1,NA,2,2,0,1,-2,0,1,NA,NA,NA,1,-1,0,NA,NA,0,0,0,0
Stromanthe_tonckat_revised,0,NA,0,NA,NA,NA,0,0,1,NA,0,0,NA,NA,NA,1,NA,1,NA,0,0,NA,-1,1,-1,-1,NA,1,-1,1,2,2,1,1,0,0,1,NA,1,0,NA,NA,0,NA,NA,0,0,0,0
Strophanthus_gratus,0,NA,0,NA,1,NA,1,NA,NA,0,1,0,NA,NA,NA,NA,NA,-2,0,0,0,NA,-1,1,-1,1,NA,-1,-1,NA,2,2,0,1,-2,0,1,NA,-1,NA,NA,NA,0,NA,NA,0,0,0,0
Swietenia_macrophylla_revised,0,0,0,-1,0,NA,0,0,1,1,0,0,-1,-1,NA,1,NA,1,1,0,NA,NA,-1,1,-1,1,NA,-1,-1,-1,2,2,1,1,-2,0,1,1,1,0,-1,-1,0,NA,NA,0,0,0,0
Swietenia_mahagoni_revised,0,0,0,-1,0,0,0,0,0,1,0,0,-1,-1,NA,1,NA,1,0,0,0,1,-1,1,-1,1,-1,-1,-1,NA,2,2,0,1,-2,0,1,1,1,0,-1,-1,0,NA,NA,0,0,0,0
Synadenium_grantii,0,0,0,NA,1,0,1,0,0,1,0,0,-1,NA,NA,NA,NA,1,0,0,NA,NA,1,1,-1,-1,-1,-1,NA,NA,2,2,0,1,-2,0,1,NA,NA,0,NA,NA,0,NA,NA,0,0,0,0
Synsepalum_dulcificum,0,NA,0,NA,0,0,0,0,1,0,0,0,-1,-1,NA,NA,NA,-2,0,0,0,0,-1,1,-1,-1,-1,1,-1,1,2,2,0,1,-2,0,1,NA,1,0,-1,0,0,NA,NA,0,0,0,0
Syzygium_australe,0,NA,0,NA,0,NA,0,NA,1,1,0,NA,-1,NA,NA,1,NA,1,0,0,2,1,1,1,-1,-1,1,1,-1,1,2,2,1,1,0,0,1,NA,NA,0,NA,NA,0,NA,NA,0,0,0,0
Syzygium_cumini_CGC,0,NA,0,-1,0,0,0,0,1,1,0,1,-1,-1,-1,1,1,1,1,0,2,1,-1,1,-1,-1,NA,1,-1,1,2,2,1,1,-2,0,1,NA,-1,0,-1,-1,0,NA,NA,0,0,0,0
Syzygium_jambos_PMC,0,NA,0,-1,0,1,0,0,1,1,0,1,-1,NA,-1,1,NA,1,0,2,2,1,1,1,-1,-1,1,1,-1,1,2,2,1,1,-2,0,1,NA,1,0,1,-1,0,NA,NA,0,0,0,0
Tabebuia_pallida_PMC,0,NA,0,NA,NA,NA,NA,NA,NA,1,0,1,1,NA,NA,NA,NA,1,0,0,2,1,1,1,-1,1,NA,-1,-1,-1,2,2,NA,1,0,0,1,NA,NA,0,-1,NA,0,NA,NA,0,0,0,0
Tacca_chantrieri,0,0,0,NA,NA,0,NA,0,1,0,0,0,NA,NA,NA,NA,NA,NA,NA,0,NA,NA,-1,1,NA,-1,-1,1,-1,1,2,2,0,1,-2,0,1,NA,1,0,1,0,0,NA,NA,0,0,0,1
Talinum_paniculatum,0,0,0,NA,0,0,0,0,1,1,0,0,NA,NA,NA,1,NA,1,1,2,0,NA,NA,1,NA,NA,-1,-1,1,NA,2,2,1,1,-2,0,1,NA,1,0,-1,1,0,NA,NA,0,0,0,1
Talipariti_macrophyllum,0,0,0,NA,0,NA,0,0,NA,NA,0,NA,NA,NA,NA,NA,NA,1,0,0,0,1,NA,1,-1,-1,NA,-1,-1,NA,2,2,NA,1,-1,0,1,NA,NA,0,NA,NA,0,NA,NA,0,0,0,0
Talisia_esculenta,0,NA,0,NA,NA,NA,0,0,1,1,0,0,-1,-1,NA,1,NA,0,0,0,0,0,-1,1,-1,-1,-1,1,NA,1,2,2,NA,1,0,0,1,NA,-1,0,-1,-1,0,NA,NA,0,0,0,0
Tamarix_parviflora,0,0,0,-1,0,0,0,NA,0,1,0,1,1,-1,-1,1,NA,1,NA,0,2,1,NA,1,-1,1,1,-1,-1,NA,0,2,1,0,-2,0,1,1,NA,0,1,1,0,NA,NA,0,0,0,0
Tapeinochilos_ananassae,0,0,0,NA,0,NA,0,0,1,0,0,0,-1,-1,NA,NA,NA,-2,0,0,0,0,NA,1,-1,-1,-1,NA,NA,NA,2,2,0,1,-2,0,-1,NA,NA,-1,1,NA,0,NA,NA,0,0,0,0
Tarlmounia_elliptica_PMC,0,NA,0,NA,NA,NA,0,NA,NA,NA,1,0,1,NA,NA,NA,NA,1,0,0,0,0,NA,1,-1,1,-1,-1,NA,NA,2,2,NA,1,0,0,1,NA,NA,NA,1,NA,0,NA,NA,0,0,0,0
Tecomanthe_dendrophila,0,NA,0,NA,0,NA,0,0,NA,0,1,0,-1,NA,NA,NA,NA,0,0,0,0,0,-1,1,-1,1,-1,-1,-1,NA,2,2,1,1,0,0,1,NA,NA,NA,-1,NA,0,NA,NA,0,0,0,0
Telopea_speciosissima,0,0,0,NA,0,NA,0,NA,NA,0,0,0,-1,-1,NA,1,NA,-2,0,0,0,0,-1,1,-1,1,-1,-1,-1,-1,1,2,1,0,-2,0,1,NA,-1,-1,-1,-1,0,NA,NA,0,0,0,1
Telosma_cordata,0,NA,0,-1,0,0,1,0,0,0,1,0,-1,NA,NA,NA,NA,-2,0,0,0,0,-1,1,-1,1,-1,-1,-1,NA,2,2,0,1,-2,0,1,NA,NA,-1,NA,NA,0,NA,NA,0,0,0,0
Terminalia_ivorensis_PMC,0,NA,0,NA,0,NA,0,0,0,1,0,NA,NA,1,NA,1,NA,1,0,0,0,1,NA,1,-1,1,NA,-1,-1,NA,2,2,1,1,-2,0,1,NA,-1,0,1,-1,0,NA,NA,0,0,0,0
Terminalia_melanocarpa_CGC,0,NA,0,-1,0,NA,0,0,1,NA,0,0,-1,NA,NA,NA,NA,0,0,0,0,1,-1,1,-1,-1,1,NA,NA,NA,2,2,0,1,0,0,1,NA,-1,0,-1,-1,0,NA,NA,0,0,0,0
Tetragonia_tetragonoides_CGC,0,0,0,-1,1,0,NA,0,0,0,1,0,NA,1,-1,1,1,1,1,0,NA,NA,1,1,-1,-1,1,-1,-1,NA,2,2,1,1,-2,0,1,NA,-1,0,-1,1,0,NA,NA,0,0,0,0
Tetrastigma_leucostaphylum,0,NA,0,-1,0,NA,0,NA,NA,NA,1,0,-1,NA,NA,1,NA,0,0,NA,0,NA,NA,1,-1,-1,NA,1,-1,1,2,2,NA,1,0,0,1,NA,-1,NA,1,NA,0,NA,NA,0,0,0,0
Tetrazygia_bicolor_revised_PMC,0,0,0,NA,0,0,0,0,NA,1,0,0,1,NA,NA,NA,NA,1,0,0,0,0,1,1,-1,-1,NA,1,-1,1,2,2,0,1,0,0,1,NA,NA,0,NA,NA,0,1,-1,0,0,0,0
Thespesia_grandiflora_CGC,0,0,0,NA,0,1,0,0,1,0,0,0,-1,-1,NA,-1,NA,-2,0,0,0,1,-1,1,-1,-1,-1,1,-1,1,2,2,0,1,-2,0,1,NA,-1,NA,-1,-1,0,NA,NA,0,0,0,0
Thlaspi_arvense,0,NA,0,NA,1,NA,0,0,0,1,0,0,1,1,NA,NA,NA,1,1,2,0,1,1,1,1,1,1,1,-1,1,1,2,1,1,-2,0,1,NA,1,0,-1,1,0,NA,NA,0,0,0,0
Thrinax_radiata,0,NA,0,NA,0,0,0,NA,NA,0,0,NA,1,-1,NA,NA,NA,-2,0,0,0,0,-1,1,-1,-1,-1,1,-1,1,2,2,0,1,-2,1,1,NA,1,0,-1,-1,0,NA,NA,0,0,0,0
Thuja_Green_Giant,0,NA,0,NA,0,0,0,NA,NA,0,0,0,-1,-1,NA,NA,NA,-1,0,0,0,NA,-1,1,-1,-1,-1,-1,-1,NA,0,0,1,0,-1,0,-1,NA,NA,0,NA,-1,-3,-1,-1,0,0,0,0
Thunbergia_alata_PMC,0,NA,0,-1,0,NA,0,0,1,0,1,0,NA,NA,NA,1,NA,1,0,NA,2,1,1,1,-1,-1,NA,-1,NA,NA,2,2,0,1,-2,0,1,NA,1,0,1,1,0,NA,NA,0,0,0,NA
Thunbergia_fragrans_PMC,0,NA,0,NA,0,0,0,0,0,1,1,0,-1,NA,NA,1,NA,1,NA,2,NA,1,-1,1,-1,-1,-1,-1,-1,NA,2,2,0,1,-2,0,1,NA,NA,0,1,1,0,NA,NA,0,0,0,0
Tibouchina_granulosa,0,0,0,NA,0,0,0,0,0,1,0,0,1,NA,NA,1,NA,1,0,0,0,1,-1,1,-1,1,-1,-1,-1,NA,2,2,1,1,-2,0,1,NA,NA,0,1,0,0,NA,NA,0,0,0,0
Tibouchina_longifolia,0,NA,0,NA,NA,NA,NA,0,NA,NA,0,NA,NA,-1,NA,NA,NA,1,0,0,0,1,-1,1,-1,-1,1,NA,-1,NA,2,2,1,1,0,0,NA,NA,NA,0,NA,NA,0,NA,NA,0,0,0,0
Toona_ciliata_PMC,0,NA,0,-1,0,NA,0,0,1,1,0,NA,1,-1,NA,1,NA,1,0,NA,2,0,1,1,-1,1,1,-1,-1,NA,2,2,1,1,-2,0,1,NA,NA,0,1,-1,0,NA,NA,0,0,0,0
Torilis_arvensis,0,0,0,-1,0,1,0,0,0,1,0,0,1,1,-1,-1,NA,1,1,0,NA,1,1,-1,-1,-1,1,1,1,NA,0,1,1,0,-2,1,1,NA,1,0,-1,1,0,NA,NA,0,0,0,0
Trevesia_palmata,1,NA,0,NA,NA,NA,NA,0,1,NA,0,NA,NA,NA,NA,NA,NA,1,0,0,0,0,-1,1,-1,-1,NA,1,-1,NA,2,2,1,1,0,0,1,NA,NA,0,NA,NA,0,NA,NA,0,0,0,0
Tribulus_terrestris_PMC,1,NA,0,-1,1,NA,0,0,NA,1,0,0,1,1,-1,-1,-1,1,1,2,0,NA,1,1,1,-1,-1,1,1,NA,1,2,1,1,-2,0,1,NA,NA,0,-1,1,0,NA,NA,0,0,0,0
Triphasia_trifolia_PMC,1,NA,0,NA,0,1,0,NA,1,1,0,1,-1,NA,NA,1,NA,1,0,0,2,0,-1,1,-1,-1,-1,1,-1,1,2,2,0,1,-2,0,1,NA,NA,0,-1,-1,0,NA,NA,0,0,0,0
Turbina_corymbosa_PMC,1,NA,0,NA,0,NA,0,0,0,1,1,0,NA,1,NA,1,NA,1,0,NA,2,0,1,1,-1,1,1,NA,-1,NA,2,2,0,1,-2,0,1,NA,NA,0,NA,NA,0,NA,NA,0,0,0,0
Ulmus_parvifolia_PMC,0,NA,0,NA,0,0,NA,0,1,1,0,NA,NA,NA,-1,1,NA,1,0,0,2,1,1,1,-1,1,1,-1,-1,NA,1,2,1,1,-2,0,1,1,NA,0,1,NA,0,NA,NA,0,0,0,0
Vaccinium_southern_highbush,0,0,0,-1,0,NA,0,0,NA,0,0,NA,NA,NA,NA,NA,NA,-2,0,0,0,1,-1,1,NA,-1,-1,1,-1,1,1,0,1,1,-2,0,1,NA,1,0,NA,0,0,NA,NA,0,0,0,0
Vaccinium_virgatum,0,0,0,NA,0,NA,0,0,NA,0,0,NA,NA,NA,NA,1,NA,-1,0,0,0,1,-1,1,-1,-1,NA,1,-1,1,2,2,1,0,-1,0,1,NA,-1,0,NA,0,0,NA,NA,0,0,0,0
Vachellia_xanthophloea,1,NA,0,-1,0,NA,0,NA,0,0,0,1,-1,NA,NA,1,NA,-1,0,0,0,0,-1,1,-1,-1,1,-1,-1,1,2,2,1,1,-1,0,1,NA,NA,0,NA,NA,0,NA,NA,0,0,1,0
Vanda_tricolor,0,0,0,NA,0,NA,0,0,NA,NA,1,0,NA,NA,NA,NA,NA,1,0,0,NA,0,NA,1,NA,1,NA,-1,NA,NA,2,2,0,1,-2,NA,1,NA,1,0,NA,1,0,NA,NA,0,0,0,0
Vanilla_planifolia_PMC,0,NA,0,NA,0,NA,NA,0,1,0,1,0,1,NA,NA,NA,NA,1,0,0,0,0,NA,1,-1,1,1,NA,-1,NA,2,2,0,1,-2,0,1,1,1,-1,NA,0,0,NA,NA,0,0,0,0
Verbascum_thapsus,0,NA,0,1,0,0,NA,0,0,1,0,1,1,1,-1,NA,1,1,NA,0,2,1,1,1,-1,NA,-1,-1,-1,NA,0,1,1,1,-2,0,1,1,1,0,-1,0,0,NA,NA,0,0,0,0
Verbesina_turbacensis,0,NA,0,-1,0,NA,0,0,NA,NA,0,NA,NA,NA,NA,1,NA,1,NA,0,0,1,NA,NA,-1,1,-1,-1,NA,NA,2,2,1,1,0,0,1,NA,NA,0,NA,NA,0,NA,NA,0,0,0,0
Vigna_speciosa,0,NA,0,-1,0,NA,0,NA,NA,NA,1,0,NA,NA,NA,NA,NA,1,0,0,0,1,-1,1,1,-1,NA,-1,-1,NA,2,2,1,1,0,0,1,NA,NA,0,NA,NA,0,NA,NA,0,0,1,0
Vitex_agnus_castus,0,0,0,1,0,0,NA,0,0,1,0,1,NA,NA,NA,1,NA,1,1,0,NA,1,NA,1,-1,-1,1,1,-1,1,0,1,1,0,-2,0,1,NA,NA,0,-1,0,0,NA,NA,0,0,0,0
Xanthorrhoea_preissii,0,0,0,-1,0,NA,0,1,0,1,0,0,1,NA,NA,1,NA,-2,NA,0,0,0,-1,1,-1,-1,NA,-1,-1,NA,1,2,0,0,-2,0,1,-1,NA,0,-1,-1,0,NA,NA,0,0,0,0
Zantedeschia_aethiopica,0,0,0,-1,1,NA,1,0,1,1,0,1,1,-1,-1,1,NA,1,0,2,2,0,1,1,-1,-1,1,1,-1,1,1,2,1,1,-2,0,1,NA,NA,0,1,0,0,NA,NA,0,0,0,0
