abrus precatorius ispm,0,NA,NA,2,2,1,NA,NA,0,0,0,0,0,0,0,0,-1,1,1,1,0,NA,1,1,NA,0,0,1,0,NA,1,NA,NA,0,NA,NA,NA,1,-1,-1,-1,1,-1,NA,1,1,-1,NA,NA
abutilon megapotamicum ispm,0,NA,NA,2,2,NA,NA,NA,0,0,0,0,0,0,0,0,NA,0,NA,0,0,NA,0,0,0,0,0,0,0,NA,1,NA,NA,NA,NA,0,NA,1,-1,-1,-1,NA,-1,NA,NA,NA,NA,NA,NA
acalypha setosa ispm,0,NA,NA,2,2,NA,NA,NA,0,0,0,0,0,0,0,0,NA,0,NA,0,0,NA,NA,0,0,0,0,0,0,NA,1,NA,NA,0,-1,1,NA,-1,-1,-1,-1,NA,-1,NA,NA,NA,NA,NA,NA
acalypha siamensis gg,0,NA,NA,NA,2,0,1,NA,-1,0,0,0,2,NA,NA,0,NA,0,NA,0,NA,0,1,NA,0,0,0,0,0,0,1,NA,NA,NA,NA,NA,NA,1,-1,-1,NA,NA,NA,NA,NA,NA,NA,NA,NA
adansonia rubrostipa gg,0,NA,NA,2,2,0,0,NA,-2,0,0,0,0,NA,NA,0,NA,0,NA,0,NA,NA,1,0,0,0,0,0,0,0,1,-1,NA,-1,NA,NA,-1,1,-1,-1,-1,-1,-1,-1,NA,1,NA,NA,NA
adansonia suarezensis gg,0,NA,NA,2,2,0,0,NA,-2,0,0,0,0,0,NA,0,NA,0,NA,0,NA,NA,1,0,0,0,0,0,0,0,1,-1,NA,-1,NA,NA,-1,1,-1,-1,-1,NA,-1,NA,NA,-1,NA,NA,NA
adiantopsis chlorophylla gg,0,NA,NA,2,1,0,1,NA,-1,0,0,0,0,0,NA,0,NA,0,NA,0,NA,1,NA,NA,NA,0,0,0,NA,0,NA,NA,NA,0,1,NA,NA,-1,-1,1,NA,NA,NA,NA,1,-1,NA,NA,NA
adiantum thalictroides gg,0,NA,NA,2,2,1,1,NA,-1,0,0,0,0,0,NA,0,NA,0,NA,0,NA,NA,1,NA,NA,0,0,0,NA,0,NA,NA,NA,0,1,NA,NA,NA,-1,1,NA,NA,NA,NA,1,NA,NA,NA,NA
agave americana ispm,0,NA,NA,2,2,NA,0,NA,0,0,0,0,0,1,0,0,NA,0,NA,1,0,0,1,0,1,0,0,0,0,NA,1,1,NA,NA,1,NA,NA,1,-1,-1,-1,NA,-1,NA,-1,NA,-1,NA,NA
agave filifera ispm,0,NA,NA,2,2,0,NA,NA,-2,0,0,0,0,1,0,0,NA,0,NA,0,0,0,NA,0,0,0,0,0,0,NA,1,NA,NA,NA,1,NA,NA,1,-1,-1,-1,NA,-1,NA,-1,NA,NA,NA,NA
agrostemma githago ispm,0,NA,NA,2,2,NA,0,NA,0,NA,0,0,0,0,0,0,1,1,NA,1,0,0,1,0,0,0,0,0,0,NA,1,-1,1,0,-1,1,NA,1,1,-1,-1,NA,-1,NA,1,-1,-1,NA,NA
aira caryophyllea ispm,0,NA,NA,2,2,1,0,NA,0,0,0,0,0,0,0,0,NA,0,NA,0,0,NA,1,0,0,0,1,0,0,NA,1,NA,NA,0,-1,1,NA,-1,-1,-1,-1,-1,1,-1,1,-1,NA,NA,NA
albizia julibrissin ispm,0,NA,NA,2,2,1,NA,NA,0,0,0,0,0,0,0,0,NA,1,1,1,0,0,1,0,1,0,0,1,0,NA,1,NA,-1,0,1,NA,NA,1,1,1,1,-1,-1,-1,1,1,-1,1,NA
aleurites moluccana ispm,-3,1,NA,2,2,NA,0,NA,0,0,0,0,NA,0,0,0,NA,1,0,1,0,NA,1,0,0,0,0,0,0,NA,1,NA,NA,NA,-1,0,-1,1,-1,-1,-1,NA,-1,1,-1,1,-1,NA,NA
allamanda cathartica ispm,0,NA,NA,2,2,NA,1,NA,0,0,0,0,0,0,0,0,NA,1,NA,1,0,0,1,1,0,0,0,0,0,NA,1,NA,NA,0,NA,1,NA,1,-1,1,-1,-1,NA,-1,-1,NA,NA,NA,NA
allamanda schottii ispm,0,NA,NA,2,2,NA,NA,NA,0,0,0,0,0,1,0,0,NA,NA,NA,1,0,NA,1,NA,0,0,0,0,NA,NA,1,NA,1,0,NA,NA,NA,1,-1,-1,-1,NA,NA,NA,NA,NA,NA,NA,NA
alloxylon flammeum gg,0,NA,NA,1,2,0,0,NA,-2,0,0,0,0,0,NA,0,NA,0,NA,0,NA,0,1,0,NA,0,0,0,0,0,1,NA,NA,NA,NA,-1,-1,1,-1,1,NA,NA,-1,NA,NA,NA,NA,NA,NA
alpinia zerumbet ispm,0,NA,NA,2,2,NA,NA,NA,0,0,0,0,0,0,1,0,NA,0,0,0,0,1,0,0,0,0,0,0,NA,NA,1,NA,NA,0,1,NA,NA,1,-1,-1,-1,NA,-1,NA,NA,NA,NA,NA,NA
alternanthera brasiliana ispm,0,NA,NA,2,2,NA,NA,NA,0,NA,0,0,0,0,0,0,-1,0,NA,0,0,1,1,1,1,0,0,0,NA,NA,1,NA,NA,NA,1,NA,1,1,-1,NA,-1,NA,-1,NA,NA,1,NA,NA,NA
alternanthera paronichyoides ispm,0,NA,NA,2,2,NA,1,NA,0,0,0,0,0,0,0,0,NA,0,NA,0,0,NA,1,0,0,0,0,0,0,NA,1,NA,NA,NA,1,NA,NA,-1,-1,NA,-1,NA,-1,NA,NA,NA,NA,NA,NA
amaranthus palmeri ispm,0,NA,NA,2,2,NA,NA,NA,0,0,0,0,0,0,1,0,NA,NA,NA,0,0,0,1,0,0,0,0,0,0,NA,1,1,-1,0,-1,1,NA,-1,-1,1,-1,-1,-1,-1,1,1,1,NA,NA
amaranthus spinosus ispm,0,NA,NA,2,2,1,NA,NA,0,NA,0,0,0,1,1,0,NA,1,1,0,0,0,1,0,0,0,0,0,0,NA,1,NA,NA,0,-1,1,NA,NA,-1,1,1,1,-1,1,1,1,-1,NA,NA
amorphophallus lambii gg,0,NA,NA,1,2,0,0,NA,-1,0,0,0,0,0,NA,0,NA,0,NA,0,NA,1,1,0,NA,0,0,0,1,0,1,NA,NA,NA,1,NA,NA,NA,-1,-1,NA,1,-1,NA,NA,NA,NA,NA,NA
aquilegia caucasica gg,0,NA,NA,2,2,0,1,NA,-2,0,0,0,0,0,NA,0,NA,0,NA,0,NA,NA,1,0,NA,0,0,0,NA,0,1,NA,NA,NA,NA,NA,NA,NA,-1,-1,NA,NA,-1,NA,NA,NA,NA,NA,NA
arachis glabrata ispm,-3,-1,NA,2,2,NA,NA,NA,-2,0,0,0,0,0,0,0,-1,0,0,0,0,NA,1,0,0,0,0,0,0,NA,-1,NA,NA,NA,1,NA,NA,1,-1,-1,-1,-1,-1,-1,-1,NA,NA,1,NA
araiostegia pseudocystopteris gg,0,NA,NA,2,2,0,1,1,-2,0,0,0,0,0,NA,0,NA,0,NA,0,NA,NA,1,0,NA,0,0,0,NA,0,NA,NA,NA,0,1,NA,NA,1,-1,1,NA,NA,NA,NA,1,NA,NA,NA,NA
ardisia nigrescens gg,0,NA,NA,2,2,0,1,NA,-1,0,0,0,2,0,NA,0,NA,0,NA,0,NA,0,1,0,NA,0,0,0,0,0,NA,NA,NA,NA,NA,NA,-1,-1,-1,-1,NA,1,-1,NA,NA,NA,NA,NA,NA
areca ridleyana gg,0,NA,NA,1,2,0,0,NA,-1,0,0,0,0,0,NA,0,NA,0,NA,0,NA,1,1,0,NA,0,0,0,0,0,NA,NA,NA,NA,NA,NA,-1,1,-1,-1,NA,1,-1,NA,NA,NA,NA,NA,NA
arnebia pulchra gg,0,NA,NA,2,2,0,1,NA,-2,0,0,0,0,0,NA,0,NA,0,NA,0,NA,NA,1,0,0,0,0,0,NA,0,1,NA,NA,0,NA,NA,NA,1,-1,-1,NA,NA,-1,NA,NA,NA,NA,NA,NA
artocarpus heterophyllus ispm,0,NA,NA,2,2,NA,0,NA,0,0,0,0,0,0,0,0,-1,0,NA,0,0,NA,1,0,0,0,0,0,0,NA,1,1,-1,0,-1,0,NA,1,-1,-1,-1,NA,-1,1,NA,-1,NA,NA,NA
arundo donax 2010,0,NA,NA,2,2,1,1,NA,2,2,0,4,0,0,NA,0,NA,0,0,0,1,0,NA,0,1,0,1,0,0,0,-1,-1,-1,0,1,1,1,1,-1,-1,1,-1,-1,-1,-1,-1,1,1,NA
asarum delavayi gg,0,NA,NA,2,2,0,1,1,-2,0,0,0,0,0,NA,0,NA,0,NA,0,NA,1,1,0,NA,0,0,0,NA,0,NA,NA,NA,NA,1,NA,NA,1,-1,-1,NA,NA,-1,NA,NA,NA,NA,NA,NA
aspidistra patentiloba gg,0,NA,NA,2,2,0,1,NA,-2,0,0,0,0,0,NA,0,NA,0,NA,0,NA,1,1,NA,NA,0,0,0,NA,0,NA,NA,NA,NA,1,NA,NA,1,-1,-1,NA,1,NA,NA,NA,NA,NA,NA,NA
aster oharai gg,0,NA,NA,2,2,0,1,NA,-1,0,0,0,0,0,NA,0,NA,0,NA,0,NA,NA,NA,0,NA,0,0,0,0,0,NA,NA,NA,NA,NA,NA,NA,-1,-1,1,NA,NA,NA,NA,NA,NA,NA,NA,NA
bambusa lako gg,0,NA,NA,1,2,0,0,NA,-2,0,0,0,0,NA,NA,0,NA,0,NA,0,NA,0,1,0,NA,0,1,0,0,0,NA,NA,NA,NA,1,NA,NA,1,-1,NA,NA,NA,NA,NA,NA,NA,NA,NA,NA
bauhinia natalensis gg,0,NA,NA,2,2,0,1,NA,-2,0,0,0,2,0,NA,0,NA,0,NA,0,NA,0,1,0,0,0,0,1,0,0,1,NA,NA,NA,NA,0,-1,1,-1,-1,NA,NA,-1,NA,NA,NA,NA,NA,NA
bauhinia purpurea ispm,0,NA,NA,2,2,NA,NA,NA,0,0,0,0,0,0,1,0,NA,0,NA,0,0,NA,0,0,0,0,0,1,NA,NA,1,1,1,0,NA,0,NA,1,-1,-1,-1,-1,-1,-1,NA,1,-1,NA,NA
bauhinia variegata ispm,0,NA,NA,2,2,NA,NA,NA,0,0,0,0,0,0,1,0,NA,0,NA,0,0,NA,0,0,0,0,0,0,NA,NA,1,1,1,0,NA,0,NA,1,-1,-1,-1,-1,-1,-1,NA,1,-1,NA,NA
beesia calthaefolia gg,0,NA,NA,2,2,1,1,NA,-1,0,0,0,0,0,NA,0,NA,0,NA,0,NA,NA,1,NA,NA,0,0,0,NA,0,NA,NA,NA,NA,1,NA,NA,NA,-1,-1,NA,NA,-1,NA,NA,NA,NA,NA,NA
berberis iberica gg,0,NA,NA,2,2,0,1,NA,-1,0,0,0,2,1,NA,0,NA,0,NA,0,NA,NA,1,0,NA,0,0,0,0,0,NA,NA,NA,NA,NA,NA,NA,-1,-1,-1,NA,1,-1,NA,NA,NA,NA,NA,NA
besleria laxiflora gg,0,NA,NA,2,2,NA,1,NA,-1,0,0,0,0,0,NA,0,NA,0,NA,0,NA,NA,1,0,NA,0,0,0,0,0,NA,NA,NA,NA,NA,NA,NA,-1,-1,-1,NA,NA,-1,NA,NA,NA,NA,NA,NA
bidens pilosa ispm,0,NA,NA,2,2,1,NA,NA,0,0,0,0,0,0,1,0,NA,0,1,0,0,0,1,0,0,0,0,0,0,NA,1,NA,1,0,-1,1,NA,-1,-1,NA,1,-1,1,-1,1,1,-1,NA,NA
billbergia pyramidalis ispm,0,NA,NA,2,2,NA,NA,NA,-2,0,0,0,0,1,0,0,NA,0,1,0,0,NA,NA,0,0,0,0,0,NA,NA,1,NA,NA,-1,1,NA,NA,1,-1,-1,-1,1,-1,1,-1,NA,NA,NA,NA
blechnum brasiliense ispm,0,NA,NA,2,2,NA,1,NA,-2,0,0,0,0,0,0,0,NA,0,NA,0,0,NA,NA,0,0,0,0,0,0,NA,1,NA,NA,0,1,NA,NA,1,-1,1,-1,-1,NA,-1,1,NA,NA,NA,NA
bombax ceiba ispm,0,NA,NA,2,2,NA,NA,NA,-2,0,0,0,0,1,1,0,NA,0,NA,0,0,0,NA,0,0,0,0,0,NA,NA,1,NA,-1,0,NA,-1,NA,1,-1,1,-1,-1,-1,-1,NA,NA,NA,NA,NA
bracteantha bracteata ispm,0,NA,NA,2,2,NA,NA,NA,0,0,0,0,0,0,0,0,NA,0,NA,0,0,0,NA,0,0,0,0,0,0,NA,1,NA,NA,0,NA,1,NA,1,-1,1,-1,-1,-1,-1,NA,NA,NA,NA,NA
brugmansia x candida ispm,0,NA,NA,2,2,NA,NA,NA,0,0,0,0,0,0,0,0,NA,1,NA,1,0,NA,NA,0,0,0,0,0,NA,NA,1,NA,-1,-1,1,0,NA,1,-1,-1,-1,NA,-1,NA,NA,NA,NA,1,NA
buddleja officinalis ispm,0,NA,NA,2,2,NA,0,NA,-2,0,0,0,0,0,0,0,NA,0,1,0,0,0,NA,0,0,0,0,0,NA,NA,1,NA,NA,0,NA,0,NA,1,-1,1,-1,-1,-1,-1,NA,NA,NA,1,NA
calliandra haematocephala ispm,0,NA,NA,2,2,0,NA,NA,-2,0,0,0,0,0,0,0,NA,0,NA,1,0,0,1,0,0,0,0,1,NA,NA,1,NA,NA,NA,1,NA,NA,1,-1,-1,-1,-1,-1,-1,NA,1,NA,NA,NA
callistemon citrinus ispm,0,NA,NA,2,2,NA,NA,NA,-2,0,0,0,0,0,0,0,NA,0,1,1,0,0,1,0,0,0,0,0,NA,NA,1,NA,NA,0,NA,0,NA,1,-1,-1,-1,NA,-1,NA,1,-1,NA,NA,NA
callistephus chinensis ispm,0,NA,NA,2,2,NA,0,NA,0,0,0,0,0,0,0,0,NA,0,1,0,0,0,NA,0,0,0,0,0,0,NA,1,NA,NA,0,-1,1,NA,1,-1,1,-1,-1,NA,-1,NA,NA,NA,NA,NA
caperonia palustris ispm,0,NA,NA,2,2,NA,1,NA,NA,0,4,0,0,0,0,0,NA,0,NA,1,0,NA,0,0,0,0,0,0,0,NA,1,NA,1,NA,-1,1,NA,-1,-1,-1,-1,NA,1,-1,NA,NA,-1,NA,NA
carex ciliatomarginata gg,0,NA,NA,2,2,0,1,NA,-2,0,0,0,2,0,NA,0,NA,0,NA,0,NA,1,1,0,NA,0,0,0,NA,0,NA,NA,NA,0,1,NA,NA,1,-1,NA,NA,NA,NA,NA,NA,NA,NA,NA,NA
carissa bispinosa ispm,0,NA,NA,2,2,NA,NA,NA,-2,0,0,0,0,1,0,0,-1,0,NA,0,0,NA,1,0,0,0,0,0,NA,NA,1,NA,NA,0,NA,NA,NA,1,-1,-1,-1,1,-1,1,NA,NA,NA,1,NA
cerastium purpurascens gg,0,NA,NA,2,2,0,1,NA,-2,0,0,0,2,0,NA,0,NA,0,NA,0,NA,0,1,NA,NA,0,0,0,NA,0,1,NA,NA,NA,NA,1,NA,1,-1,-1,NA,NA,-1,NA,NA,NA,NA,NA,NA
ceratonia siliqua ispm,-3,1,NA,2,2,NA,0,NA,0,0,0,0,0,0,0,0,-1,0,1,1,0,0,1,0,0,0,0,0,NA,NA,1,-1,NA,0,NA,-1,NA,1,-1,-1,-1,NA,-1,1,NA,1,-1,NA,NA
chione sylvicola gg,0,NA,NA,2,2,0,NA,NA,-1,0,0,0,0,0,NA,0,NA,0,NA,0,NA,NA,1,0,NA,0,0,0,0,0,1,NA,NA,NA,NA,NA,NA,-1,-1,-1,NA,1,NA,NA,NA,-1,NA,NA,NA
chloranthus sessilifolius gg,0,NA,NA,2,2,1,1,NA,-2,0,0,0,0,0,NA,0,NA,0,NA,0,NA,NA,1,0,NA,0,0,0,NA,0,NA,NA,NA,NA,1,NA,NA,1,-1,-1,NA,1,-1,NA,NA,NA,NA,NA,NA
chlorophytum saundersiae gg,0,NA,NA,2,2,0,1,NA,-2,0,0,0,0,0,NA,0,NA,0,NA,0,NA,NA,1,0,NA,0,0,0,0,0,NA,NA,NA,NA,1,NA,NA,1,-1,NA,NA,NA,-1,NA,NA,NA,NA,NA,NA
chorisia speciosa ispm,0,NA,NA,2,2,NA,NA,NA,-2,0,0,0,0,1,0,0,NA,0,0,0,0,0,0,0,0,0,0,0,NA,NA,1,NA,-1,0,NA,-1,NA,1,-1,1,-1,-1,-1,-1,1,-1,NA,NA,NA
chrysophyllum venezuelanense gg,0,NA,NA,2,1,NA,1,NA,-1,0,0,0,0,0,NA,0,NA,0,NA,0,NA,NA,NA,0,NA,0,0,0,0,0,NA,NA,-1,NA,NA,NA,NA,-1,-1,-1,NA,NA,-1,NA,NA,NA,NA,NA,NA
chrysosplenium valdivicum gg,0,NA,NA,2,2,0,NA,NA,-1,0,0,0,0,0,NA,0,NA,0,NA,0,NA,NA,NA,NA,NA,0,0,0,NA,0,NA,NA,NA,NA,NA,NA,NA,-1,-1,1,NA,NA,1,NA,NA,NA,NA,NA,NA
cicerbita prenanthoides gg,0,NA,NA,2,1,0,NA,NA,-1,0,0,0,0,0,NA,0,NA,0,NA,0,NA,NA,NA,0,NA,0,0,0,NA,0,NA,NA,NA,NA,NA,NA,NA,-1,-1,1,NA,NA,-1,NA,NA,NA,NA,NA,NA
cimicifuga brachycarpa gg,0,NA,NA,2,2,NA,1,NA,-1,0,0,0,0,0,NA,0,NA,0,NA,0,NA,NA,1,NA,NA,0,0,0,NA,0,NA,NA,NA,NA,1,NA,NA,-1,-1,-1,NA,NA,-1,NA,NA,NA,NA,NA,NA
cladochaeta candidissima gg,0,NA,NA,2,2,0,1,NA,-2,0,0,0,0,0,NA,0,NA,0,NA,0,NA,0,1,NA,NA,0,0,0,0,0,1,NA,NA,NA,NA,NA,NA,1,-1,NA,NA,NA,NA,NA,NA,NA,NA,NA,NA
clematis hexapetala gg,0,NA,NA,2,2,1,1,NA,-2,0,0,0,2,0,NA,0,NA,0,NA,0,NA,0,1,0,NA,0,0,0,NA,0,1,NA,NA,NA,NA,NA,NA,1,-1,1,NA,NA,-1,NA,NA,NA,NA,NA,NA
cocculus laurifolius ispm,0,NA,NA,2,2,NA,NA,NA,-2,0,0,0,0,0,0,0,NA,NA,0,1,0,1,1,0,0,0,0,0,NA,NA,NA,NA,-1,NA,NA,-1,NA,1,-1,-1,-1,1,-1,1,NA,NA,NA,NA,NA
colocasia heterochroma gg,0,NA,NA,2,2,0,1,NA,-2,0,0,0,2,0,NA,0,NA,0,NA,0,NA,1,1,0,0,0,0,0,1,0,NA,NA,NA,NA,1,NA,NA,1,-1,-1,NA,NA,-1,NA,NA,NA,NA,NA,NA
colubrina asiatica ispm,0,NA,NA,2,2,1,NA,NA,0,0,0,0,0,0,0,0,NA,0,NA,0,0,0,1,1,1,0,0,0,NA,NA,1,NA,NA,NA,1,1,NA,1,-1,-1,1,NA,-1,NA,NA,1,-1,1,NA
combretum bracteosum gg,0,NA,NA,2,2,0,1,NA,-2,0,0,0,2,1,NA,0,NA,0,NA,NA,NA,0,1,1,0,0,0,0,0,0,1,NA,NA,NA,1,0,NA,1,-1,-1,NA,NA,-1,NA,NA,NA,NA,NA,NA
combretum ovalifolium gg,0,NA,NA,2,2,NA,1,NA,-1,0,0,0,2,0,NA,0,NA,0,NA,0,NA,NA,1,1,NA,0,0,0,0,0,NA,NA,NA,NA,NA,NA,NA,-1,-1,1,NA,NA,-1,NA,NA,NA,NA,NA,NA
commelina benghalensis ispm,0,NA,NA,2,2,1,1,NA,0,NA,0,0,0,0,0,0,NA,0,1,0,0,1,1,1,NA,0,0,0,0,NA,1,NA,1,0,1,1,NA,-1,1,-1,-1,NA,-1,NA,1,1,-1,1,NA
cotoneaster submultiflorus gg,0,NA,NA,2,2,1,1,NA,-1,0,0,0,2,0,NA,0,NA,0,NA,0,NA,NA,1,0,NA,0,0,0,0,0,NA,NA,NA,NA,NA,NA,NA,NA,-1,-1,NA,1,-1,NA,NA,NA,NA,NA,NA
cupania cinerea gg,0,NA,NA,2,1,NA,1,NA,-1,0,0,0,0,0,NA,0,NA,0,NA,0,NA,0,1,0,NA,0,0,0,0,0,1,NA,NA,NA,NA,NA,NA,1,-1,-1,NA,1,-1,NA,NA,NA,NA,NA,NA
cupaniopsis anacardioides ispm,0,NA,NA,2,2,NA,1,NA,-2,0,0,0,0,0,0,0,NA,0,0,1,0,1,1,0,1,0,0,0,NA,NA,1,NA,NA,0,NA,0,NA,1,-1,-1,1,1,-1,NA,-1,NA,-1,1,NA
cyanotis cristata ispm,0,NA,NA,2,2,NA,NA,NA,0,NA,0,0,0,0,0,0,NA,0,NA,0,0,1,NA,0,0,0,0,0,0,NA,NA,NA,NA,NA,NA,1,NA,-1,-1,-1,-1,NA,-1,NA,NA,NA,NA,NA,NA
cyclanthera pedata ispm,0,NA,NA,2,2,NA,NA,NA,NA,0,0,0,0,0,0,0,NA,0,1,0,0,NA,NA,1,0,0,0,0,0,NA,1,NA,NA,0,-1,1,NA,1,-1,-1,-1,NA,-1,1,NA,NA,NA,NA,NA
cyperus esculentus ispm,0,NA,NA,2,2,1,1,NA,0,0,0,0,0,0,1,0,NA,0,NA,0,0,0,1,0,0,0,0,0,1,NA,1,NA,NA,0,1,1,1,1,1,-1,-1,NA,1,-1,1,1,-1,-1,NA
cyperus pilosus ispm,0,NA,NA,2,2,NA,1,NA,0,0,0,0,0,0,0,0,NA,0,NA,0,0,NA,1,0,0,0,0,0,NA,NA,1,NA,NA,0,1,1,NA,-1,NA,-1,-1,-1,-1,-1,NA,NA,NA,NA,NA
delonix decaryi gg,0,NA,NA,1,2,0,1,NA,-2,0,0,0,1,0,NA,0,NA,0,NA,0,NA,0,1,0,0,0,0,1,0,0,1,NA,NA,0,NA,NA,NA,1,-1,-1,NA,NA,-1,NA,NA,NA,NA,NA,NA
desmodium tortuosum ispm,0,NA,NA,2,2,1,NA,NA,0,0,0,0,0,0,0,0,-1,0,1,0,0,0,1,0,0,0,0,1,0,NA,1,NA,1,NA,-1,1,NA,1,-1,-1,-1,NA,1,-1,NA,1,-1,1,NA
dianthus cretaceus gg,0,NA,NA,2,2,1,1,NA,-1,0,0,0,0,0,NA,0,NA,0,NA,0,NA,NA,1,0,0,0,0,0,NA,0,NA,1,NA,NA,NA,NA,NA,-1,-1,-1,NA,NA,-1,NA,NA,NA,NA,NA,NA
dianthus imereticus gg,0,NA,NA,2,1,NA,1,NA,-1,0,0,0,0,0,NA,0,NA,0,NA,0,NA,0,NA,0,NA,0,0,0,NA,0,1,NA,NA,NA,NA,NA,NA,1,-1,-1,NA,NA,NA,NA,NA,NA,NA,NA,NA
dillenia reticulata gg,0,NA,NA,1,2,0,0,NA,-1,0,0,0,0,0,NA,0,NA,0,NA,0,NA,NA,1,0,NA,0,0,0,0,0,1,NA,NA,NA,NA,NA,NA,NA,-1,-1,NA,NA,-1,NA,NA,NA,NA,NA,NA
dioscorea bulbifera ispm,0,NA,NA,2,2,1,0,NA,0,0,0,0,0,0,0,0,NA,1,1,1,0,1,0,1,1,0,0,0,1,NA,1,NA,-1,0,1,1,1,1,-1,1,1,-1,-1,-1,1,NA,-1,1,NA
dioscorea dodecaneura gg,0,NA,NA,1,2,1,NA,NA,-2,0,0,0,0,0,NA,0,NA,0,NA,NA,NA,NA,1,1,NA,0,0,0,NA,0,NA,NA,NA,NA,1,NA,NA,1,-1,1,NA,NA,-1,NA,NA,NA,NA,NA,NA
disporopsis jinfushanensis gg,0,NA,NA,2,2,0,1,NA,-2,0,0,0,0,0,NA,0,NA,0,NA,0,NA,NA,1,0,NA,0,0,0,NA,0,NA,NA,NA,NA,1,NA,NA,1,-1,-1,NA,1,-1,NA,NA,NA,NA,NA,NA
disporum megalanthum gg,0,NA,NA,2,2,1,1,NA,-1,0,0,0,0,0,NA,0,NA,0,NA,NA,NA,NA,1,NA,NA,0,0,0,NA,0,NA,NA,NA,NA,1,NA,NA,-1,-1,-1,NA,1,-1,NA,NA,NA,NA,NA,NA
drepanostachyum falcatum ispm,0,NA,NA,2,2,0,0,NA,-2,0,0,0,0,0,0,0,-1,0,NA,0,0,1,1,0,1,0,1,0,NA,NA,1,NA,NA,0,1,NA,NA,1,-1,-1,-1,-1,-1,-1,-1,NA,NA,NA,NA
elettaria cardamomum ispm,0,NA,NA,2,2,NA,0,NA,0,0,0,0,0,0,0,0,NA,0,1,0,0,NA,NA,0,0,0,0,0,NA,NA,1,NA,-1,0,1,NA,NA,1,-1,-1,-1,NA,-1,NA,-1,-1,NA,NA,NA
epimedium chlorandrum gg,0,NA,NA,2,2,NA,1,NA,-1,0,0,0,0,0,NA,0,NA,0,NA,0,NA,NA,1,NA,NA,0,0,0,NA,0,NA,NA,NA,NA,1,NA,NA,-1,-1,-1,NA,NA,-1,NA,NA,NA,NA,NA,NA
epipremnum pinnatum cv aureum ispm,-3,1,1,2,2,NA,NA,NA,0,0,0,0,0,0,0,0,NA,0,1,1,0,1,1,1,NA,0,0,0,0,NA,NA,NA,NA,NA,1,NA,1,1,-1,-1,-1,1,-1,1,-1,NA,-1,NA,NA
eragrostis cumingii ispm,0,NA,NA,2,2,NA,NA,NA,0,0,0,0,0,0,0,0,NA,0,NA,0,0,NA,1,0,0,0,1,0,NA,NA,1,NA,1,0,NA,1,NA,-1,-1,-1,-1,-1,-1,-1,NA,NA,NA,NA,NA
eucalyptus amplifolia 2010,0,NA,NA,2,2,0,0,NA,-2,0,0,0,2,0,NA,0,NA,0,NA,0,NA,NA,NA,0,NA,0,0,0,0,0,1,1,NA,NA,NA,NA,NA,1,-1,NA,NA,NA,-1,NA,NA,-1,NA,1,NA
eucalyptus camaldulensis 2010,0,NA,NA,2,2,NA,1,NA,2,0,0,4,2,0,NA,0,NA,0,NA,0,NA,NA,NA,0,1,0,0,0,0,0,1,1,NA,0,-1,0,NA,1,-1,NA,1,NA,-1,NA,NA,-1,NA,1,NA
eucalyptus grandis 2010,0,NA,NA,2,2,NA,1,NA,2,0,0,4,2,0,NA,0,NA,0,NA,0,NA,0,NA,0,NA,0,0,0,0,0,1,1,1,0,-1,0,NA,1,-1,-1,NA,NA,-1,NA,-1,-1,-1,1,NA
eugenia uniflora ispm,0,NA,NA,2,2,NA,1,NA,0,0,0,0,0,0,0,0,NA,0,1,0,0,0,1,0,1,0,0,0,NA,NA,1,NA,1,0,NA,0,NA,1,-1,-1,-1,1,-1,1,-1,-1,-1,NA,NA
euphorbia pulcherrima ispm,-3,-1,NA,2,2,0,NA,NA,-2,0,0,0,0,0,0,0,NA,1,NA,1,0,NA,1,0,0,0,0,0,0,NA,1,NA,NA,0,NA,NA,NA,1,-1,-1,-1,NA,-1,NA,NA,NA,NA,NA,NA
faramea multiflora gg,0,NA,NA,2,1,NA,1,NA,-1,0,0,0,NA,0,NA,0,NA,0,NA,0,NA,NA,1,0,NA,0,0,0,0,0,NA,NA,NA,NA,NA,NA,NA,-1,-1,-1,NA,1,-1,NA,NA,NA,NA,NA,NA
fargesia nitida ispm,0,NA,NA,2,2,0,NA,NA,-2,0,0,0,0,0,0,0,NA,0,NA,0,0,1,1,0,0,0,1,0,NA,NA,NA,NA,NA,0,1,NA,NA,1,-1,-1,-1,-1,-1,-1,-1,NA,NA,NA,NA
feijoa sellowiana ispm,0,NA,NA,2,2,0,NA,NA,0,0,0,0,0,0,0,0,NA,0,1,1,0,NA,1,0,0,0,0,0,0,NA,1,NA,1,0,NA,0,NA,1,-1,-1,-1,1,-1,1,1,-1,-1,NA,NA
ficus destruens gg,0,NA,NA,2,2,NA,0,NA,-1,0,0,0,2,0,NA,0,NA,0,NA,0,NA,NA,1,1,NA,0,0,0,0,0,NA,NA,NA,-1,NA,NA,NA,-1,-1,-1,NA,NA,-1,NA,NA,NA,NA,NA,NA
ficus microcarpa ispm,0,NA,NA,2,2,NA,1,NA,0,0,0,0,0,0,0,0,NA,0,NA,0,0,NA,1,1,1,0,0,0,0,NA,1,-1,NA,-1,NA,0,NA,1,-1,-1,-1,1,1,1,1,NA,-1,NA,NA
ficus pumila ispm,0,NA,NA,2,2,NA,NA,NA,0,0,0,0,0,0,0,0,NA,0,0,0,0,1,1,1,1,0,0,0,0,NA,1,-1,NA,-1,1,NA,1,1,-1,-1,-1,1,-1,1,-1,NA,-1,NA,NA
filipendula glaberrima gg,0,NA,NA,2,2,0,1,NA,-2,0,0,0,0,0,NA,0,NA,0,NA,0,NA,NA,1,0,NA,0,0,0,0,0,NA,NA,NA,NA,NA,NA,NA,1,-1,-1,NA,NA,-1,NA,NA,NA,NA,NA,NA
fittonia verschaffeltii ispm,0,NA,NA,2,2,0,NA,NA,-2,0,0,0,0,0,0,0,NA,0,NA,0,0,1,0,0,0,0,0,0,NA,NA,NA,NA,NA,NA,1,1,NA,1,-1,-1,-1,NA,-1,NA,-1,NA,NA,NA,NA
flacourtia montana gg,0,NA,NA,2,1,0,1,NA,-1,0,0,0,0,1,NA,0,NA,0,NA,0,NA,NA,1,0,NA,0,0,0,0,0,NA,NA,-1,NA,NA,NA,NA,-1,-1,-1,NA,1,-1,NA,NA,NA,NA,NA,NA
fortunella japonica ispm,-3,-1,NA,2,2,0,0,NA,-2,0,0,0,0,1,0,0,NA,0,1,0,0,NA,1,0,0,0,0,0,NA,NA,1,NA,1,NA,NA,-1,NA,1,-1,-1,-1,1,-1,1,NA,NA,NA,NA,NA
fritillaria caucasica gg,0,NA,NA,2,2,0,1,NA,-2,0,0,0,0,0,NA,0,NA,0,NA,0,NA,NA,1,0,0,0,0,0,1,0,1,1,NA,NA,1,NA,NA,1,-1,-1,NA,NA,-1,NA,NA,NA,NA,NA,NA
genipa americana ispm,0,NA,NA,2,2,NA,1,NA,-2,0,0,0,0,0,0,0,NA,0,NA,0,0,0,0,0,0,0,0,0,0,1,1,NA,1,0,NA,-1,NA,1,-1,-1,1,1,-1,1,1,NA,NA,NA,NA
geranium ruprechtii gg,0,NA,NA,2,2,0,1,NA,-2,0,0,0,2,0,NA,0,NA,0,NA,0,NA,NA,1,0,NA,0,0,0,NA,0,1,NA,NA,NA,NA,NA,NA,1,-1,NA,NA,NA,NA,NA,NA,NA,NA,NA,NA
gironniera parviflora gg,0,NA,NA,1,2,0,0,NA,-1,0,0,0,0,0,NA,0,NA,0,NA,0,NA,NA,1,0,NA,0,0,0,0,0,NA,NA,NA,NA,NA,NA,NA,-1,-1,-1,NA,NA,-1,NA,NA,NA,NA,NA,NA
gloriosa superba ispm,0,NA,NA,2,2,NA,0,NA,0,0,0,0,0,0,1,0,NA,1,NA,1,0,NA,0,1,1,0,0,0,1,NA,1,NA,1,0,1,1,1,1,-1,-1,1,1,-1,NA,-1,-1,-1,NA,NA
gomphrena globosa ispm,0,NA,NA,2,2,NA,NA,NA,0,0,0,0,0,0,0,0,NA,0,0,0,0,0,1,0,0,0,0,0,0,NA,1,NA,NA,0,-1,1,NA,1,-1,NA,-1,NA,-1,NA,NA,NA,NA,NA,NA
grewia flavescens gg,0,NA,NA,2,2,1,1,NA,-2,0,0,0,0,0,NA,0,-1,0,NA,0,NA,NA,1,0,0,0,0,0,0,0,1,NA,NA,NA,NA,NA,NA,1,-1,-1,NA,NA,-1,1,NA,NA,NA,NA,NA
hapaline benthamiana gg,0,NA,NA,2,2,0,1,NA,-1,0,0,0,0,0,NA,0,NA,0,NA,0,NA,NA,1,0,0,0,0,0,1,0,NA,NA,NA,NA,1,NA,NA,NA,-1,-1,NA,1,-1,NA,NA,NA,NA,NA,NA
hedera canariensis ispm,0,NA,NA,2,2,NA,NA,NA,0,0,0,0,0,0,0,0,NA,NA,0,1,0,1,1,1,0,0,0,0,NA,NA,1,NA,NA,NA,1,NA,1,1,-1,-1,-1,1,-1,1,NA,NA,-1,NA,NA
hedera pastuchovii gg,0,NA,NA,2,2,0,1,NA,-2,0,0,0,2,0,NA,0,NA,0,NA,1,NA,NA,1,1,NA,0,0,0,0,0,NA,NA,NA,NA,NA,NA,NA,1,-1,-1,NA,1,-1,NA,NA,NA,NA,NA,NA
helianthus argophyllus ispm,0,NA,NA,2,2,NA,NA,NA,0,0,0,0,0,0,0,0,NA,0,NA,0,0,0,1,0,0,0,0,0,0,NA,1,1,-1,0,-1,1,NA,1,-1,-1,-1,NA,-1,NA,NA,NA,NA,NA,NA
heliconia steyermarkii gg,0,NA,NA,1,1,NA,1,NA,-1,0,0,0,NA,0,NA,0,NA,0,NA,0,NA,NA,1,NA,NA,0,0,0,NA,0,NA,NA,NA,NA,1,NA,NA,-1,-1,-1,NA,NA,-1,NA,NA,NA,NA,NA,NA
hibiscus tiliaceus ispm,0,NA,NA,2,2,NA,1,NA,0,0,0,0,0,0,0,0,NA,0,1,0,0,0,1,0,1,0,0,0,0,NA,1,NA,NA,0,1,NA,NA,1,-1,1,1,-1,-1,-1,-1,NA,-1,NA,NA
hyptis pectinata ispm,0,NA,NA,2,2,NA,NA,NA,0,0,0,0,0,0,0,0,1,0,NA,0,0,NA,NA,0,1,0,0,0,NA,NA,1,NA,NA,0,-1,1,1,-1,-1,1,-1,-1,1,-1,1,NA,-1,NA,NA
ilex guayusa gg,0,NA,NA,2,1,NA,1,NA,-2,0,0,0,2,0,NA,0,NA,0,NA,0,NA,NA,1,0,NA,0,0,0,0,0,NA,NA,NA,NA,NA,NA,NA,1,-1,-1,NA,NA,-1,NA,NA,NA,NA,NA,NA
imperata cylindrica ispm,0,NA,NA,2,2,1,1,NA,0,0,0,0,0,1,1,0,1,0,NA,0,1,0,1,0,1,0,1,0,0,NA,1,1,-1,0,1,1,1,1,NA,1,-1,-1,NA,-1,1,-1,-1,1,NA
indigofera hirsuta ispm,0,NA,NA,2,2,NA,0,NA,0,0,0,0,0,0,0,0,NA,0,0,0,0,1,1,0,0,0,0,1,0,NA,1,NA,NA,0,-1,1,NA,1,-1,-1,-1,NA,-1,NA,1,1,-1,1,NA
ipomoea horsfalliae ispm,0,NA,NA,2,2,NA,NA,NA,NA,0,0,0,0,0,0,0,NA,0,1,0,0,0,NA,1,0,0,0,0,1,NA,1,NA,NA,NA,1,NA,NA,1,-1,1,-1,-1,-1,-1,-1,NA,NA,1,NA
iris caucasica gg,0,NA,NA,2,2,0,1,NA,-2,0,0,0,2,0,NA,0,NA,0,NA,0,NA,NA,1,0,0,0,0,0,1,0,NA,NA,NA,NA,1,NA,NA,1,-1,-1,NA,NA,-1,NA,NA,NA,NA,NA,NA
jatropha curcas 2010,0,NA,NA,2,2,1,1,NA,2,2,0,NA,2,0,NA,0,1,1,NA,1,NA,0,NA,0,1,0,0,0,0,0,1,1,1,0,1,1,NA,1,-1,-1,1,NA,NA,NA,NA,1,-1,1,NA
kalanchoe gastonis bonnieri ispm,0,NA,NA,2,2,NA,NA,NA,-2,0,0,0,0,0,0,0,NA,1,NA,NA,0,NA,1,0,0,0,0,0,NA,NA,1,NA,NA,0,1,NA,NA,1,-1,-1,-1,NA,-1,NA,1,NA,NA,NA,NA
kalanchoe laciniata ispm,0,NA,NA,2,2,NA,NA,NA,-2,0,0,0,0,0,0,0,NA,1,NA,NA,0,0,1,0,0,0,0,0,NA,NA,1,NA,NA,0,1,NA,NA,1,-1,-1,-1,NA,-1,NA,1,NA,NA,NA,NA
kalanchoe pinnata ispm,0,NA,NA,2,2,NA,NA,NA,0,0,0,0,0,0,0,0,NA,1,NA,NA,0,1,1,0,1,0,0,0,0,NA,1,NA,NA,0,1,NA,NA,1,-1,-1,-1,NA,-1,NA,1,NA,-1,-1,NA
kirkia acuminata gg,0,NA,NA,2,2,NA,1,NA,-2,0,0,0,0,0,NA,0,NA,0,NA,0,NA,0,1,0,NA,0,0,0,0,0,NA,NA,NA,NA,NA,NA,NA,1,-1,-1,NA,NA,-1,NA,NA,NA,NA,NA,NA
lamium amplexicaule ispm,0,NA,NA,2,2,1,NA,NA,0,0,0,0,0,0,1,0,NA,1,1,0,0,1,1,0,0,0,0,0,0,NA,1,NA,1,0,1,1,NA,-1,1,-1,-1,NA,-1,NA,1,1,-1,NA,NA
leonotis nepetifolia ispm,0,NA,NA,2,2,NA,NA,NA,0,0,0,0,0,0,0,0,NA,0,NA,0,0,1,1,0,1,0,0,0,0,NA,1,1,1,-1,-1,1,1,1,-1,-1,1,NA,NA,NA,-1,NA,-1,NA,NA
lespedeza liukiuensis gg,0,NA,NA,2,1,0,1,NA,2,0,0,0,0,0,NA,0,NA,0,NA,0,NA,NA,1,NA,NA,0,0,1,0,0,NA,NA,NA,NA,NA,NA,NA,1,-1,NA,NA,NA,NA,NA,NA,NA,NA,NA,NA
leucaena leucocephala 2010,0,NA,NA,2,2,1,1,NA,2,2,4,4,0,0,NA,0,-1,1,NA,0,0,NA,NA,0,1,0,0,1,0,0,1,1,1,0,NA,1,-1,1,-1,-1,NA,NA,-1,1,NA,1,NA,1,NA
liriope muscari ispm,0,NA,NA,2,2,NA,NA,NA,0,0,0,0,0,0,1,0,NA,0,0,0,0,1,1,0,0,0,0,0,1,NA,1,NA,NA,0,1,NA,NA,1,-1,-1,-1,1,-1,1,NA,NA,-1,1,NA
litchi chinensis ispm,-3,-1,NA,2,2,0,NA,NA,-2,0,0,0,0,0,0,0,NA,0,1,0,0,0,0,0,0,0,0,0,0,NA,1,NA,1,0,-1,-1,NA,1,-1,-1,-1,1,-1,1,NA,-1,NA,NA,NA
livistona concinna gg,0,NA,NA,2,2,NA,0,NA,-2,0,0,0,NA,1,NA,0,NA,0,NA,0,NA,NA,1,0,NA,0,0,0,0,0,NA,NA,-1,NA,NA,NA,NA,1,-1,-1,NA,NA,-1,NA,NA,NA,NA,NA,NA
lonicera japonica ispm,0,NA,NA,2,2,1,NA,NA,0,0,0,0,0,0,1,0,-1,0,1,0,0,1,1,1,1,0,0,0,0,NA,1,NA,-1,0,1,NA,NA,1,-1,-1,-1,1,-1,1,NA,1,-1,1,NA
lonicera x heckrottii ispm,0,NA,NA,2,2,NA,NA,NA,-2,0,0,0,0,0,0,0,-1,0,0,0,0,NA,1,1,0,0,0,0,NA,NA,NA,NA,NA,NA,NA,NA,NA,1,-1,-1,-1,1,-1,1,-1,NA,NA,NA,NA
loxostylis alata gg,0,NA,NA,2,2,0,1,NA,-2,0,0,0,0,0,NA,0,NA,0,NA,0,NA,0,1,0,NA,0,0,0,0,0,1,NA,-1,NA,NA,NA,NA,1,-1,1,NA,NA,-1,NA,NA,NA,NA,NA,NA
lygodium japonicum ispm,0,NA,NA,2,2,NA,1,NA,0,0,0,0,0,0,0,0,NA,0,NA,0,1,1,NA,1,1,0,0,0,0,NA,1,NA,1,0,1,1,NA,1,1,1,NA,-1,NA,-1,1,1,-1,NA,NA
lygodium microphyllum ispm,0,NA,NA,2,2,1,1,NA,0,0,0,0,0,0,0,0,NA,0,NA,0,1,1,NA,1,1,0,0,0,0,NA,1,NA,1,0,1,1,NA,1,-1,1,NA,-1,NA,-1,1,1,-1,1,NA
malvastrum coromandelianum ispm,0,NA,NA,2,2,NA,NA,NA,0,0,0,0,0,0,0,0,NA,0,NA,0,0,NA,NA,0,1,0,0,0,NA,NA,1,NA,1,0,NA,1,NA,-1,-1,-1,-1,-1,1,-1,NA,NA,-1,NA,NA
malvaviscus penduliflorus ispm,-3,1,NA,2,2,NA,NA,NA,0,0,0,0,0,0,0,0,NA,0,0,0,0,1,1,0,0,0,0,0,NA,NA,-1,1,NA,-1,1,NA,NA,1,-1,-1,-1,-1,-1,-1,-1,-1,NA,NA,NA
mangifera griffithii gg,0,NA,NA,1,2,0,0,NA,-1,0,0,0,0,0,NA,0,NA,0,NA,0,NA,NA,1,0,NA,0,0,0,0,0,1,-1,NA,0,NA,NA,-1,1,-1,-1,-1,1,-1,1,-1,NA,NA,NA,NA
manilkara zapota ispm,0,NA,NA,2,2,NA,0,NA,0,0,0,0,0,0,0,0,NA,0,1,0,0,0,1,0,NA,0,0,0,0,NA,1,NA,1,0,NA,-1,NA,1,-1,-1,-1,NA,-1,1,-1,NA,-1,NA,NA
mapania baldwinii gg,0,NA,NA,1,2,0,NA,NA,-1,0,0,0,0,0,NA,0,NA,0,NA,0,NA,NA,1,0,NA,0,1,0,NA,0,NA,NA,NA,0,1,NA,NA,-1,-1,-1,NA,NA,-1,NA,NA,NA,NA,NA,NA
massularia acuminata gg,0,NA,NA,1,2,NA,NA,NA,-2,0,0,0,0,0,NA,0,NA,0,NA,0,NA,NA,1,0,NA,0,0,0,0,0,NA,NA,NA,NA,NA,NA,-1,1,-1,NA,NA,NA,NA,NA,NA,NA,NA,NA,NA
medicago polymorpha ispm,0,NA,NA,2,2,NA,NA,NA,0,NA,0,0,0,1,0,0,-1,0,NA,0,0,1,0,0,0,0,0,0,0,NA,1,NA,NA,0,-1,1,NA,1,-1,-1,-1,NA,1,NA,1,NA,NA,1,NA
meehania montis koyae gg,0,NA,NA,2,2,0,1,NA,-2,0,0,0,0,0,NA,0,NA,0,NA,0,NA,NA,1,0,0,0,0,0,NA,0,NA,NA,NA,NA,NA,NA,NA,1,-1,-1,NA,NA,-1,NA,NA,NA,NA,NA,NA
melaleuca quinquenervia ispm,0,NA,NA,2,2,NA,1,NA,0,0,0,0,0,0,0,0,NA,0,0,1,1,1,1,0,1,0,0,0,NA,NA,1,NA,1,0,1,0,NA,1,-1,1,1,-1,-1,-1,1,1,-1,1,NA
melochia corchorifolia ispm,0,NA,NA,2,2,NA,1,NA,0,0,0,0,0,0,0,0,NA,0,1,0,0,0,1,0,0,0,0,0,0,NA,1,NA,NA,0,NA,1,NA,-1,-1,-1,-1,NA,-1,1,NA,NA,-1,NA,NA
merremia quinquefolia ispm,0,NA,NA,2,2,NA,NA,NA,0,0,0,0,0,0,0,0,NA,0,NA,0,0,NA,NA,1,0,0,0,0,NA,NA,1,NA,NA,NA,NA,NA,NA,1,-1,-1,-1,NA,NA,NA,NA,NA,NA,NA,NA
mimosa pigra ispm,0,NA,NA,2,2,NA,1,NA,0,0,0,0,0,1,0,0,NA,0,NA,0,0,1,1,0,1,0,0,1,0,NA,1,NA,NA,0,1,1,1,1,-1,1,1,-1,1,-1,1,1,-1,1,NA
mimosa pudica ispm,0,NA,NA,2,2,NA,NA,NA,0,0,0,0,0,1,0,0,NA,NA,NA,0,1,1,1,0,0,0,0,1,0,NA,1,NA,NA,NA,-1,1,NA,1,-1,NA,1,-1,1,-1,1,1,-1,NA,NA
miscanthus sinensis ispm,0,NA,NA,2,2,NA,NA,NA,0,0,0,0,0,1,1,0,-1,0,NA,0,1,0,1,0,0,0,1,0,0,NA,1,NA,NA,0,1,NA,NA,1,-1,1,-1,-1,NA,-1,NA,NA,-1,1,NA
miscanthus xgiganteus 2010,-3,-1,NA,2,1,NA,1,NA,-2,0,0,0,2,0,NA,0,NA,0,NA,0,NA,0,NA,0,NA,0,1,0,NA,NA,-1,NA,-1,0,1,0,NA,1,-1,-1,NA,-1,-1,-1,-1,-1,NA,NA,NA
mollugo verticillata ispm,0,NA,NA,2,2,NA,NA,NA,0,0,0,0,0,0,0,0,NA,0,1,0,0,0,1,0,0,0,0,0,0,NA,1,NA,NA,0,-1,1,NA,-1,-1,-1,-1,NA,-1,NA,1,NA,-1,NA,NA
momordica charantia ispm,NA,NA,NA,2,2,1,0,NA,0,0,0,0,0,0,0,0,1,1,1,1,0,0,1,1,1,0,0,0,0,NA,1,NA,1,0,-1,1,-1,1,-1,-1,-1,1,-1,1,-1,NA,-1,NA,NA
murraya paniculata ispm,0,NA,NA,2,2,NA,NA,NA,0,0,0,0,0,0,0,0,NA,0,1,0,0,NA,1,0,0,0,0,0,NA,NA,1,NA,NA,0,NA,-1,NA,1,-1,-1,-1,1,-1,1,NA,NA,-1,1,NA
musa sikkimensis gg,0,NA,NA,2,2,0,1,NA,-2,0,0,0,0,0,NA,0,NA,0,NA,0,NA,NA,1,0,NA,0,0,0,NA,0,1,1,NA,NA,1,NA,-1,1,-1,-1,NA,NA,-1,NA,NA,NA,NA,NA,NA
muscari tenuiflorum gg,0,NA,NA,2,2,NA,1,NA,NA,0,0,0,2,0,NA,0,-1,0,NA,0,0,NA,1,0,0,0,0,0,1,0,1,NA,1,0,1,-1,NA,1,-1,-1,NA,NA,1,NA,NA,-1,NA,NA,NA
myrcia dichasialis gg,0,NA,NA,2,1,NA,1,NA,-1,0,0,0,NA,0,NA,0,NA,0,NA,0,NA,NA,NA,0,NA,0,0,0,0,0,NA,NA,NA,NA,NA,NA,NA,-1,-1,NA,NA,NA,NA,NA,NA,NA,NA,NA,NA
myriophyllum spicatum ispm,0,NA,NA,2,2,1,1,NA,0,0,0,0,0,0,0,0,NA,0,NA,0,0,1,0,0,1,5,0,0,0,NA,1,1,NA,0,1,NA,1,1,-1,-1,1,1,NA,NA,NA,NA,-1,1,-1
myrtus communis ispm,0,NA,NA,2,2,NA,NA,NA,-2,0,0,0,0,0,1,0,NA,0,1,0,0,1,0,0,0,0,0,0,NA,NA,1,NA,1,0,NA,-1,NA,1,-1,-1,-1,1,1,1,NA,1,NA,NA,NA
nandina domestica ispm,0,NA,NA,2,2,NA,NA,NA,0,0,0,0,0,0,0,0,NA,1,0,0,0,1,1,0,1,0,0,0,0,NA,1,NA,NA,NA,1,0,NA,1,-1,-1,-1,1,-1,1,1,1,-1,NA,NA
neyraudia reynaudiana ispm,0,NA,NA,2,2,NA,1,NA,0,0,0,0,0,0,0,0,NA,1,NA,0,1,1,1,0,0,0,1,0,NA,NA,1,NA,NA,0,1,NA,1,-1,-1,1,-1,-1,-1,-1,1,NA,-1,1,NA
ornithogalum kochii gg,0,NA,NA,2,1,0,1,NA,-1,0,0,0,2,0,NA,0,NA,0,NA,0,NA,NA,1,NA,NA,0,0,0,1,0,1,NA,NA,NA,1,NA,NA,-1,-1,-1,NA,NA,-1,NA,NA,NA,NA,NA,NA
paederia cruddasiana ispm,0,NA,NA,2,2,NA,NA,NA,0,0,0,0,0,0,0,0,NA,0,NA,0,1,NA,NA,1,1,0,0,0,NA,NA,1,NA,-1,0,1,NA,NA,1,-1,1,-1,-1,-1,-1,NA,NA,-1,NA,NA
paederia foetida ispm,0,NA,NA,2,2,1,1,NA,0,0,0,0,0,0,0,0,NA,0,1,0,1,0,1,1,1,0,0,0,0,NA,1,NA,-1,0,1,NA,1,1,-1,-1,-1,1,-1,1,NA,1,-1,1,NA
papaver oreophilum gg,0,NA,NA,2,2,0,1,NA,-2,0,0,0,2,0,NA,0,NA,0,NA,0,NA,0,1,0,0,0,0,0,0,0,1,NA,NA,0,NA,NA,NA,1,-1,NA,NA,NA,-1,NA,NA,NA,NA,NA,NA
parkinsonia aculeata ispm,0,NA,NA,2,2,NA,1,NA,0,0,0,0,0,1,1,0,NA,0,1,1,0,0,1,0,1,0,0,0,0,NA,1,NA,NA,0,-1,0,1,1,-1,-1,1,1,NA,NA,NA,NA,-1,NA,NA
paspalum urvillei ispm,0,NA,NA,2,2,NA,1,NA,0,0,0,0,0,0,1,0,NA,0,0,0,0,0,1,0,0,0,1,0,0,NA,1,NA,1,0,1,NA,NA,-1,-1,NA,-1,-1,NA,-1,1,NA,-1,1,NA
passiflora biflora ispm,0,NA,NA,2,2,NA,0,NA,-2,0,0,0,0,0,0,0,NA,0,1,0,0,0,1,1,0,0,0,0,NA,NA,1,NA,NA,0,NA,NA,NA,1,-1,-1,-1,1,-1,1,NA,NA,NA,NA,NA
passiflora coriacea ispm,0,NA,NA,2,2,NA,0,NA,-2,0,0,0,0,0,0,0,NA,0,0,0,0,NA,1,1,0,0,0,0,NA,NA,1,NA,NA,0,NA,NA,NA,1,-1,-1,-1,1,-1,1,NA,NA,NA,NA,NA
pavonia dasypetala gg,0,NA,NA,2,1,NA,NA,NA,-1,0,0,0,0,0,NA,0,NA,0,NA,0,NA,NA,1,0,NA,0,0,0,0,0,NA,NA,1,-1,NA,NA,NA,-1,-1,-1,NA,1,-1,1,NA,NA,NA,NA,NA
pennisetum purpureum 2010,0,NA,NA,2,2,1,1,NA,2,0,4,4,2,0,0,0,-1,0,0,0,0,0,NA,0,1,0,1,0,0,0,1,NA,NA,0,1,NA,NA,1,-1,1,NA,NA,NA,NA,-1,NA,-1,1,NA
pennisetum setaceum ispm,0,NA,NA,2,2,NA,NA,NA,0,0,0,0,0,0,0,0,1,0,NA,0,1,0,1,0,1,0,1,0,0,NA,1,NA,1,0,-1,NA,1,1,-1,1,1,NA,1,-1,NA,1,-1,1,NA
persicaria microcephala gg,0,NA,NA,2,2,1,1,NA,-2,0,0,0,0,0,NA,0,NA,0,NA,0,NA,NA,1,0,0,0,0,0,NA,0,NA,NA,NA,NA,1,NA,NA,1,-1,-1,NA,NA,-1,NA,NA,NA,NA,NA,NA
philodendron scandens ispm,NA,NA,NA,2,2,NA,NA,NA,-2,0,0,0,0,0,0,0,NA,1,NA,1,0,1,NA,1,0,0,0,0,0,NA,NA,-1,NA,-1,1,NA,NA,1,-1,-1,-1,1,NA,1,-1,NA,NA,NA,NA
phoenix reclinata ispm,0,NA,NA,2,2,NA,1,NA,0,0,0,0,0,1,0,0,NA,0,NA,0,0,0,1,0,1,0,0,0,NA,NA,1,1,-1,0,1,NA,NA,1,-1,-1,-1,1,-1,1,NA,-1,-1,NA,NA
phoenix roebelenii ispm,0,NA,NA,2,2,0,1,NA,-2,0,0,0,0,1,0,0,NA,0,1,0,0,NA,1,0,0,0,0,0,NA,NA,1,1,-1,0,1,NA,NA,1,-1,-1,-1,1,-1,1,NA,NA,NA,NA,NA
phyllanthus urinaria ispm,0,NA,NA,2,2,NA,1,NA,0,0,0,0,0,0,0,0,NA,NA,1,NA,0,0,0,0,0,0,0,0,0,NA,1,-1,NA,0,1,1,NA,1,-1,-1,1,NA,-1,1,NA,NA,-1,NA,NA
pilea nummulariifolia ispm,0,NA,NA,2,2,NA,NA,NA,0,0,0,0,0,0,0,0,NA,0,NA,0,0,1,1,1,NA,0,0,0,NA,NA,1,NA,-1,0,1,NA,NA,1,-1,-1,-1,NA,-1,NA,NA,NA,NA,NA,NA
pinellia peltata gg,0,NA,NA,2,2,0,1,NA,-2,0,0,0,2,0,NA,0,NA,0,NA,0,NA,NA,1,0,0,0,0,0,1,0,NA,NA,NA,NA,1,NA,NA,1,-1,-1,NA,1,-1,NA,NA,NA,NA,NA,NA
pistacia chinensis ispm,0,NA,NA,2,2,NA,NA,NA,0,0,0,0,0,0,0,0,NA,0,0,1,0,NA,1,0,0,0,0,0,NA,NA,1,NA,-1,0,-1,NA,NA,1,-1,-1,-1,1,-1,NA,NA,NA,NA,NA,NA
pitcairnia karwinskyana ispm,0,NA,NA,2,2,0,NA,NA,0,0,0,0,0,0,0,0,NA,0,NA,0,0,NA,NA,0,0,0,0,0,0,NA,1,-1,NA,NA,NA,NA,NA,-1,-1,1,-1,NA,-1,NA,NA,NA,NA,NA,NA
pittosporum rubiginosum gg,0,NA,NA,2,2,NA,0,NA,-1,0,0,0,NA,NA,NA,0,NA,0,NA,0,NA,NA,1,0,NA,0,0,0,0,0,NA,NA,NA,NA,NA,NA,NA,NA,-1,-1,NA,NA,-1,NA,NA,NA,NA,NA,NA
pityrogramma calomelanos ispm,0,NA,NA,2,2,NA,NA,NA,0,NA,0,0,0,0,1,0,NA,0,NA,0,0,0,1,0,0,0,0,0,0,NA,1,1,1,0,1,0,NA,1,-1,1,-1,-1,NA,-1,1,1,NA,NA,NA
poa annua ispm,0,NA,NA,2,2,1,NA,NA,0,0,0,0,0,0,0,0,NA,0,1,1,0,1,1,0,0,0,1,0,0,NA,1,NA,1,0,1,1,1,-1,1,1,1,1,-1,1,1,1,-1,1,NA
polygonatum kingianum gg,0,NA,NA,2,2,1,1,NA,-2,0,0,0,0,0,NA,0,NA,0,NA,0,NA,NA,1,0,NA,0,0,0,NA,0,NA,NA,NA,NA,1,NA,NA,1,-1,-1,NA,1,-1,NA,NA,NA,NA,NA,NA
portulaca oleracea ispm,0,NA,NA,2,2,1,NA,NA,0,0,0,0,0,0,1,0,NA,1,1,0,0,0,1,0,0,0,0,0,0,NA,1,NA,1,0,1,1,1,1,1,1,1,1,-1,-1,1,1,-1,1,NA
pouteria sapota ispm,0,NA,NA,2,2,NA,0,NA,NA,0,0,0,0,0,0,0,NA,NA,0,1,0,NA,1,0,0,0,0,0,NA,NA,1,NA,NA,0,-1,-1,NA,1,-1,-1,-1,NA,-1,1,-1,-1,NA,NA,NA
protium glabrum gg,0,NA,NA,2,1,0,NA,NA,-1,0,0,0,0,0,NA,0,NA,0,NA,0,NA,NA,1,0,NA,0,0,0,0,0,NA,NA,-1,0,NA,NA,NA,-1,-1,-1,NA,NA,-1,1,NA,NA,NA,NA,NA
pseudodracontium harmandii gg,0,NA,NA,2,2,0,1,NA,-1,0,0,0,0,0,NA,0,NA,0,NA,0,NA,NA,1,NA,NA,0,0,0,0,0,NA,NA,NA,NA,1,NA,NA,NA,-1,-1,NA,1,-1,NA,NA,NA,NA,NA,NA
psychotria chiapensis gg,0,NA,NA,2,1,0,NA,NA,-1,0,0,0,0,0,NA,0,NA,0,NA,0,NA,NA,1,0,NA,0,0,0,0,0,NA,NA,NA,-1,NA,NA,NA,-1,-1,-1,NA,NA,-1,NA,NA,NA,NA,NA,NA
pteris multifida ispm,0,NA,NA,2,2,NA,NA,NA,0,0,0,0,0,0,0,0,NA,0,NA,0,0,1,1,0,0,0,0,0,0,NA,1,NA,1,0,1,1,NA,1,-1,1,-1,-1,NA,-1,1,NA,NA,NA,NA
pulsatilla violacea gg,0,NA,NA,2,1,0,1,NA,-2,0,0,0,0,0,NA,0,NA,0,NA,NA,NA,0,NA,0,0,0,0,0,NA,0,1,NA,NA,NA,NA,NA,NA,1,-1,NA,NA,NA,NA,NA,NA,NA,NA,NA,NA
pyrgophyllum yunnanensis gg,0,NA,NA,2,2,NA,1,NA,-1,0,0,0,0,0,NA,0,NA,0,NA,0,NA,NA,1,0,NA,0,0,0,NA,0,NA,NA,NA,NA,1,NA,NA,-1,-1,-1,NA,NA,-1,NA,NA,NA,NA,NA,NA
ranunculus muricatus ispm,0,NA,NA,2,2,NA,NA,NA,0,0,0,0,0,0,1,0,NA,1,NA,1,0,NA,1,0,0,0,0,0,0,NA,1,NA,NA,0,-1,1,NA,-1,NA,-1,-1,-1,1,-1,NA,-1,-1,NA,NA
ranunculus parviflorus ispm,0,NA,NA,2,2,NA,NA,NA,0,0,0,0,0,0,0,0,NA,1,NA,1,0,0,1,0,0,0,0,0,0,NA,1,NA,NA,0,-1,1,NA,-1,1,-1,-1,-1,1,-1,NA,NA,-1,NA,NA
remusatia pumila gg,0,NA,NA,2,2,0,1,NA,-2,0,0,0,0,NA,NA,0,NA,0,NA,0,NA,1,1,0,NA,0,0,0,1,0,NA,NA,NA,NA,1,NA,NA,1,-1,-1,NA,1,1,NA,NA,NA,NA,NA,NA
rhododendron simsii ispm,0,NA,NA,2,2,NA,0,NA,-2,0,0,0,0,0,0,0,NA,1,NA,1,0,NA,0,0,0,0,0,0,NA,NA,1,NA,-1,0,1,NA,NA,1,-1,1,-1,-1,-1,-1,-1,NA,NA,1,NA
richardia brasiliensis ispm,0,NA,NA,2,2,NA,NA,NA,0,0,0,0,0,0,0,0,NA,0,NA,0,0,0,1,0,0,0,0,0,0,NA,1,NA,NA,0,NA,1,NA,-1,-1,-1,-1,NA,-1,NA,NA,NA,-1,NA,NA
richardia scabra ispm,0,NA,NA,2,2,NA,NA,NA,0,0,0,0,0,0,0,0,NA,0,NA,0,0,NA,1,0,0,0,0,0,0,NA,1,NA,NA,0,NA,1,NA,-1,-1,-1,-1,NA,-1,NA,NA,1,-1,NA,NA
ricinus communis 2010,0,NA,NA,2,2,1,1,NA,2,2,4,4,0,1,NA,0,NA,1,1,1,NA,NA,NA,0,1,0,0,0,0,0,1,NA,1,0,-1,1,NA,1,-1,-1,1,NA,1,NA,NA,1,-1,1,NA
rohdea watanabei gg,0,NA,NA,2,2,0,1,NA,-2,0,0,0,0,0,NA,0,NA,0,NA,0,NA,NA,1,0,0,0,0,0,NA,0,NA,NA,NA,NA,1,NA,NA,1,-1,-1,NA,1,-1,NA,NA,NA,NA,NA,NA
rondeletia leucophylla gg,0,NA,NA,2,1,NA,NA,NA,-1,0,0,0,0,0,NA,0,NA,0,NA,NA,NA,0,1,NA,NA,0,0,0,0,0,NA,NA,NA,0,NA,NA,NA,NA,-1,1,NA,NA,-1,NA,NA,NA,NA,NA,NA
rottboellia cochinchinensis ispm,0,NA,NA,2,2,NA,1,NA,0,0,0,0,0,1,1,0,NA,0,1,0,0,1,0,0,1,0,1,0,0,NA,1,NA,1,0,-1,1,1,1,1,-1,1,1,-1,1,1,1,-1,NA,NA
ruellia makoyana ispm,0,NA,NA,2,2,0,NA,NA,-2,0,0,0,0,0,0,0,NA,0,NA,0,0,1,0,0,0,0,0,0,NA,NA,NA,NA,NA,NA,1,NA,NA,1,-1,1,-1,-1,-1,-1,NA,NA,NA,NA,NA
rumex crispus ispm,0,NA,NA,2,2,1,1,NA,0,0,0,0,0,0,0,0,-1,1,NA,0,0,NA,0,0,0,0,0,0,0,NA,1,1,1,0,1,1,1,-1,1,1,1,1,NA,-1,1,1,-1,1,NA
rumex pulcher ispm,0,NA,NA,2,2,NA,NA,NA,0,0,0,0,0,0,0,0,-1,NA,NA,0,0,NA,1,0,0,0,0,0,0,NA,1,1,NA,0,1,1,NA,-1,1,NA,-1,-1,1,-1,1,-1,-1,NA,NA
rumohra adiantiformis ispm,0,NA,NA,2,2,1,NA,NA,-2,0,0,0,0,0,0,0,NA,0,1,1,0,1,1,0,0,0,0,0,0,NA,1,NA,NA,0,1,NA,NA,1,-1,1,-1,-1,NA,-1,1,NA,NA,NA,-1
saccharum arundinaceum 2010,0,NA,NA,2,2,1,1,NA,-2,0,0,0,2,0,NA,0,-1,0,1,0,NA,NA,NA,0,NA,0,1,0,NA,0,NA,NA,NA,0,1,NA,NA,1,-1,-1,NA,NA,-1,NA,NA,NA,NA,NA,NA
saccharum officinarum 2010,-3,NA,NA,2,1,NA,1,NA,NA,0,0,0,2,0,NA,0,-1,0,1,0,NA,1,NA,0,NA,0,1,0,0,0,1,1,1,0,1,1,NA,1,-1,NA,NA,NA,-1,NA,-1,-1,-1,1,NA
saccharum officinarum ispm,-3,1,NA,2,2,NA,NA,NA,0,0,0,0,0,0,1,0,-1,0,1,0,0,1,1,0,0,0,1,0,0,NA,1,NA,1,0,1,1,NA,1,-1,NA,-1,-1,-1,-1,-1,-1,-1,1,NA
salvia splendens ispm,0,NA,NA,2,2,NA,NA,NA,0,0,0,0,0,0,0,0,NA,0,NA,0,0,NA,1,0,0,0,0,0,0,NA,1,NA,1,0,NA,1,NA,1,-1,-1,-1,NA,-1,NA,NA,NA,-1,NA,NA
sansevieria hyacinthoides ispm,0,NA,NA,2,2,NA,NA,NA,0,0,0,0,0,0,0,0,NA,0,NA,0,0,1,NA,0,0,0,0,0,0,NA,1,NA,NA,0,1,NA,1,1,-1,-1,-1,1,-1,1,NA,NA,-1,NA,NA
sapium sebiferum ispm,0,NA,NA,2,2,NA,1,NA,0,0,0,0,0,0,0,0,NA,1,0,1,0,1,1,0,1,0,0,0,NA,NA,1,NA,NA,0,1,0,NA,1,-1,-1,1,1,-1,NA,1,1,-1,1,NA
scabiosa olgae gg,0,NA,NA,2,2,0,1,NA,-1,0,0,0,0,0,NA,0,NA,0,NA,0,NA,0,NA,0,NA,0,0,0,0,0,NA,NA,NA,NA,NA,NA,NA,-1,-1,NA,NA,NA,NA,NA,NA,NA,NA,NA,NA
scaevola sericea ispm,0,NA,NA,2,2,NA,NA,NA,0,0,0,0,0,0,0,0,-1,0,1,0,0,NA,1,0,1,0,0,0,0,NA,1,NA,NA,0,1,NA,NA,1,-1,-1,1,1,-1,1,NA,1,-1,-1,NA
schefflera actinophylla ispm,0,NA,NA,2,2,NA,1,NA,0,0,0,0,0,0,0,0,NA,0,NA,1,0,1,1,0,1,0,0,0,NA,NA,1,NA,NA,0,NA,0,NA,1,-1,-1,-1,1,-1,1,1,NA,-1,1,NA
schinus terebinthifolius ispm,0,NA,NA,2,2,1,1,NA,0,0,0,0,0,0,1,0,NA,1,NA,1,0,1,1,0,1,0,0,0,0,NA,1,NA,-1,0,1,0,NA,1,-1,-1,NA,1,-1,1,1,-1,-1,1,NA
schotia latifolia gg,0,NA,NA,2,2,0,1,NA,-1,0,0,0,0,0,NA,0,NA,0,NA,0,NA,NA,1,0,NA,0,0,1,0,0,1,1,NA,0,NA,NA,NA,-1,-1,-1,NA,1,1,NA,NA,NA,NA,NA,NA
scilla rosenii gg,0,NA,NA,2,2,0,1,NA,-2,0,0,0,0,0,NA,0,NA,0,NA,0,NA,NA,NA,0,0,0,0,1,0,1,NA,NA,NA,1,NA,NA,1,-1,-1,NA,NA,NA,NA,NA,NA,NA,NA,NA,0
scleranthus annuus ispm,0,NA,NA,2,2,NA,NA,NA,0,0,0,0,0,0,0,0,NA,0,1,0,0,NA,1,0,0,0,0,0,0,NA,1,NA,1,0,-1,1,NA,-1,-1,-1,-1,-1,-1,-1,NA,1,-1,NA,NA
serissa foetida ispm,NA,NA,NA,2,2,0,NA,NA,-2,0,0,0,0,0,0,0,NA,0,NA,0,0,NA,0,0,0,0,0,0,NA,NA,NA,NA,NA,NA,NA,NA,NA,1,-1,-1,-1,1,-1,1,-1,NA,NA,NA,NA
setaria setosa ispm,0,NA,NA,2,2,NA,NA,NA,0,0,0,0,0,0,0,0,NA,0,NA,0,0,0,1,0,0,0,1,0,0,NA,1,NA,NA,0,1,1,NA,-1,-1,NA,-1,-1,-1,-1,NA,NA,NA,NA,NA
sherardia arvensis ispm,0,NA,NA,2,2,NA,NA,NA,0,0,0,0,0,0,0,0,NA,0,NA,0,0,0,NA,0,0,0,0,0,0,NA,1,NA,-1,NA,-1,1,NA,-1,1,-1,-1,-1,1,1,NA,-1,1,NA,NA
sida spinosa ispm,0,NA,NA,2,2,NA,NA,NA,0,0,0,0,0,1,1,0,NA,0,NA,0,0,1,NA,0,0,0,0,0,0,NA,1,NA,NA,0,-1,1,NA,-1,-1,-1,-1,-1,1,-1,NA,1,-1,NA,NA
silene pygmaea gg,0,NA,NA,2,2,NA,1,NA,-1,0,0,0,2,0,NA,0,NA,0,NA,0,NA,NA,NA,0,0,0,0,0,NA,0,NA,NA,NA,NA,NA,NA,NA,-1,-1,-1,NA,NA,-1,NA,NA,NA,NA,NA,NA
sinacalia tangutica gg,0,NA,NA,2,2,0,1,NA,2,2,0,0,0,0,NA,0,NA,0,NA,0,NA,NA,1,0,NA,0,0,0,NA,0,NA,NA,NA,NA,1,NA,NA,1,-1,1,NA,NA,-1,NA,NA,NA,NA,NA,NA
sinocalamus latiflorus ispm,0,NA,NA,2,2,NA,NA,NA,-2,0,0,0,0,0,1,0,NA,0,NA,0,0,0,NA,0,0,0,1,1,NA,NA,1,NA,NA,0,1,NA,NA,1,-1,NA,-1,-1,-1,-1,-1,NA,NA,NA,NA
siparuna pauciflora gg,0,NA,NA,2,1,0,0,NA,-1,0,0,0,NA,0,NA,0,NA,0,NA,0,NA,NA,1,0,NA,0,0,0,0,0,NA,NA,NA,NA,NA,NA,NA,-1,-1,NA,NA,NA,NA,NA,NA,NA,NA,NA,NA
smilacina fusca gg,0,NA,NA,2,1,1,NA,NA,-1,0,0,0,0,0,NA,0,NA,0,NA,NA,NA,NA,1,0,NA,0,0,0,NA,0,NA,NA,NA,NA,1,NA,NA,NA,-1,-1,NA,1,-1,NA,NA,NA,NA,NA,NA
solanum viarum ispm,0,NA,NA,2,2,NA,NA,NA,0,0,0,0,0,1,0,0,1,0,1,0,0,NA,1,0,1,0,0,0,0,NA,1,NA,NA,NA,1,1,1,-1,1,-1,-1,1,-1,1,1,1,-1,1,NA
sonneratia caseolaris gg,0,NA,NA,2,2,NA,0,NA,2,0,0,0,NA,0,NA,0,NA,0,NA,0,NA,NA,1,0,NA,0,0,0,0,0,1,NA,NA,0,NA,NA,NA,-1,-1,-1,NA,1,NA,NA,NA,NA,NA,NA,NA
sorghum bicolor grain 2010,0,NA,NA,2,2,1,1,NA,2,2,0,0,2,0,NA,0,-1,0,0,0,NA,0,NA,0,NA,0,1,0,0,0,1,1,1,0,-1,1,NA,1,-1,-1,NA,NA,-1,NA,1,-1,-1,-1,NA
sorghum bicolor shattercane 2010,0,NA,NA,2,2,1,1,NA,2,0,4,0,2,0,NA,0,-1,0,1,0,NA,0,NA,0,NA,0,1,0,0,0,1,1,1,0,-1,1,NA,1,1,1,1,NA,-1,1,1,1,-1,-1,NA
sorghum bicolor sweet 2010,NA,NA,NA,2,2,1,1,NA,NA,NA,0,0,2,0,NA,0,-1,0,0,0,NA,0,NA,0,NA,0,1,0,0,0,1,1,1,0,-1,1,NA,1,-1,-1,NA,NA,-1,NA,NA,-1,-1,-1,NA
spergula arvensis ispm,0,NA,NA,2,2,1,0,NA,0,0,0,0,0,0,1,0,-1,1,1,0,0,0,1,0,0,0,0,0,0,NA,1,-1,1,0,-1,1,1,1,1,1,1,1,NA,1,1,1,-1,-1,NA
spiraea mongolica gg,0,NA,NA,2,2,1,1,NA,-1,0,0,0,0,0,NA,0,NA,0,NA,0,NA,NA,1,0,NA,0,0,0,0,0,NA,NA,NA,NA,NA,NA,NA,-1,-1,NA,NA,NA,NA,NA,NA,NA,NA,NA,NA
sporobolus indicus ispm,0,NA,NA,2,2,NA,1,NA,0,0,0,0,NA,0,0,0,1,0,NA,0,1,NA,NA,0,NA,0,1,0,0,NA,1,NA,NA,0,-1,1,1,-1,-1,1,1,-1,1,-1,1,1,-1,NA,NA
stellaria media ispm,0,NA,NA,2,2,1,0,NA,0,0,0,0,0,0,0,0,NA,1,1,0,0,1,1,0,0,0,0,0,0,NA,1,NA,1,0,1,1,1,1,1,1,-1,1,-1,1,1,1,-1,1,NA
striga gesnerioides ispm,0,NA,NA,2,2,NA,NA,NA,0,0,0,0,0,0,0,1,NA,0,NA,0,0,NA,1,0,0,0,0,0,NA,NA,1,NA,1,NA,NA,1,NA,-1,1,1,1,-1,-1,1,1,1,1,NA,NA
strychnos toxifera gg,0,NA,NA,1,2,0,1,NA,-1,0,0,0,0,0,NA,0,NA,1,NA,NA,NA,NA,1,1,NA,0,0,0,0,0,NA,NA,NA,NA,NA,NA,-1,-1,-1,-1,NA,NA,-1,NA,NA,NA,NA,NA,NA
synadenium grantii ispm,0,NA,NA,2,2,NA,0,NA,0,0,0,0,0,0,0,0,NA,1,NA,1,0,0,1,0,0,0,0,0,NA,NA,1,NA,NA,0,NA,NA,1,1,-1,-1,-1,NA,-1,NA,-1,NA,NA,NA,NA
syzygium cumini ispm,0,NA,NA,2,2,NA,1,NA,0,0,0,0,0,0,0,0,NA,0,1,0,0,0,1,0,0,0,0,0,0,NA,1,NA,NA,0,-1,-1,NA,1,-1,-1,-1,1,-1,1,NA,-1,NA,1,NA
tabernaemontana sananho gg,0,NA,NA,2,2,NA,1,NA,-1,0,0,0,NA,0,NA,0,NA,0,NA,0,NA,NA,1,0,NA,0,0,0,0,0,NA,NA,NA,NA,NA,NA,NA,-1,-1,-1,NA,NA,NA,NA,NA,NA,NA,NA,NA
tecoma guarume gg,0,NA,NA,2,2,0,0,NA,-2,0,0,0,2,0,NA,0,NA,0,NA,0,NA,NA,1,0,NA,0,0,0,0,0,NA,NA,NA,NA,NA,NA,NA,1,-1,1,NA,NA,-1,NA,NA,NA,NA,NA,NA
tectaria incisa ispm,0,NA,NA,2,2,NA,NA,NA,-2,0,0,0,0,0,0,0,NA,0,NA,0,0,1,NA,0,0,0,0,0,0,NA,1,1,NA,0,1,NA,1,1,-1,1,-1,-1,NA,-1,1,NA,NA,NA,NA
terminalia randii gg,0,NA,NA,2,1,0,1,NA,-1,0,0,0,2,1,NA,0,NA,0,NA,0,NA,NA,1,0,NA,0,0,0,0,0,NA,NA,NA,NA,NA,NA,NA,-1,-1,1,NA,NA,-1,NA,NA,NA,NA,NA,NA
tetrapanax papyriferus ispm,0,NA,NA,2,2,0,NA,NA,0,0,0,0,0,0,0,0,NA,0,0,0,0,1,1,0,1,0,0,0,NA,NA,1,NA,-1,0,1,NA,NA,1,-1,-1,-1,1,-1,1,NA,NA,NA,1,NA
thelypteris beddomei gg,0,NA,NA,2,2,0,1,NA,-1,0,0,0,0,0,NA,0,NA,0,NA,0,NA,NA,1,0,0,0,0,0,NA,0,NA,NA,NA,0,1,NA,NA,-1,-1,1,NA,NA,NA,NA,1,NA,NA,NA,NA
thespesia populnea ispm,0,NA,NA,2,2,NA,1,NA,0,0,0,0,0,0,1,0,NA,0,1,0,0,0,1,0,1,0,0,0,0,NA,1,NA,NA,0,-1,0,NA,1,-1,1,1,-1,NA,-1,1,1,-1,1,NA
trachelospermum jasminoides ispm,0,NA,NA,2,2,NA,NA,NA,-2,0,0,0,0,0,0,0,NA,NA,0,1,0,1,1,1,0,0,0,0,0,NA,NA,NA,NA,0,1,NA,NA,1,-1,1,-1,-1,-1,-1,-1,NA,NA,-1,NA
tradescantia fluminensis ispm,0,NA,NA,2,2,NA,1,NA,0,0,0,0,0,0,0,0,NA,0,NA,0,0,1,NA,1,1,0,0,0,0,NA,NA,NA,NA,0,1,NA,1,1,-1,NA,1,NA,1,NA,NA,NA,-1,1,NA
tricyrtis affinis gg,0,NA,NA,2,2,0,1,NA,-2,0,0,0,0,0,NA,0,NA,0,NA,0,NA,NA,1,NA,NA,0,0,0,NA,0,1,NA,1,0,1,0,NA,1,-1,1,NA,NA,NA,NA,NA,NA,NA,NA,NA
tulipa gesneriana ispm,-3,1,NA,2,2,NA,NA,NA,0,0,0,0,0,0,0,0,NA,1,NA,1,0,0,1,0,0,0,0,0,1,NA,1,NA,NA,NA,1,NA,NA,1,-1,-1,-1,NA,-1,NA,NA,NA,NA,NA,NA
tulipa karabachensis gg,0,NA,NA,2,2,0,1,NA,-2,0,0,0,0,0,NA,0,NA,0,NA,0,NA,0,1,0,0,0,0,0,1,0,NA,NA,NA,NA,1,NA,NA,1,-1,NA,NA,NA,-1,NA,NA,NA,NA,NA,NA
tupistra nutans gg,0,NA,NA,2,1,0,1,NA,-2,0,0,0,0,0,NA,0,NA,0,NA,0,NA,NA,1,0,NA,0,0,0,NA,0,NA,NA,NA,NA,1,NA,NA,1,-1,-1,NA,NA,-1,NA,NA,NA,NA,NA,NA
urochloa subquadripara ispm,0,NA,NA,2,2,NA,NA,NA,0,0,0,0,0,0,0,0,-1,1,NA,0,0,1,1,0,0,0,1,0,NA,NA,1,NA,NA,0,1,NA,NA,1,-1,-1,-1,-1,-1,-1,-1,NA,-1,NA,NA
vangueria madagascariensis ispm,0,NA,NA,2,2,NA,NA,NA,0,0,0,0,0,0,0,0,NA,0,NA,0,0,0,NA,0,0,0,0,0,NA,NA,1,1,NA,0,NA,NA,NA,1,-1,-1,-1,1,-1,1,NA,-1,NA,1,NA
voacanga thouarsii gg,0,NA,NA,2,1,NA,NA,NA,-2,0,0,0,0,0,NA,0,NA,0,NA,0,NA,NA,1,0,NA,0,0,0,0,0,1,NA,NA,NA,NA,NA,NA,1,-1,-1,NA,1,-1,NA,NA,NA,NA,1,NA
vulpia myuros ispm,0,NA,NA,2,2,1,NA,NA,0,0,0,0,0,1,1,0,-1,0,0,0,0,0,1,0,0,0,1,0,0,NA,1,NA,1,0,-1,1,NA,1,1,-1,-1,-1,1,-1,NA,-1,-1,1,NA
washingtonia robusta ispm,0,NA,NA,2,2,0,NA,NA,0,0,0,0,NA,1,0,0,NA,0,NA,0,1,NA,1,0,1,0,0,0,NA,NA,1,1,NA,0,NA,0,NA,1,-1,-1,-1,1,-1,1,1,-1,-1,NA,NA
wisteria brachybotrys ispm,0,NA,NA,2,2,0,NA,NA,-2,0,0,0,0,0,0,0,NA,NA,0,1,0,0,0,1,0,0,0,1,0,NA,1,NA,NA,0,1,NA,NA,1,-1,1,-1,-1,-1,-1,NA,-1,NA,1,NA
