,Scientific Name,Family,Common.name,Score,Recommendation
1,Abelia x grandiflora,Caprifoliaceae,glossy abelia,-13,low risk
2,Abelmoschus manihot,Malvaceae,manioc hibiscus,1,low risk*
3,Abies fraseri,Pinaceae,Fraser fir,3,evaluate
4,Abies grandis,Pinaceae,grand fir,1,evaluate
5,Abies guatemalensis,Pinaceae,Guatemalan Fir,-2,low risk
6,Abies nordmanniana,Pinaceae,Nordmann fir,2,evaluate
7,Abies procera,Pinaceae,noble fir,1,evaluate
8,Abies religiosa,Pinaceae,sacred fir,-2,low risk
10,Abutilon grandifolium,Malvaceae,Hairy abutilon,6,low risk*
14,Acacia auriculiformis,Fabaceae,earleaf acacia,13,high risk
15,Acacia cochliacantha,Fabaceae,boat thorn acacia,10,high risk
16,Acacia confusa,Fabaceae,Formosan koa,10,high risk
17,Acacia crassicarpa,Fabaceae,northern wattle,7,high risk
18,Acacia dealbata,Fabaceae,silver wattle,22,high risk
19,Acacia farnesiana,Fabaceae,fragrant acacia,14,high risk
20,Acacia holosericea,Fabaceae,candelabra wattle,4,evaluate
21,Acacia insuavis,Fabaceae,pak la,5,evaluate
22,Acacia longifolia,Fabaceae,Sydney golden wattle,10,high risk
23,Acacia mangium,Fabaceae,mangium,8,high risk
24,Acacia mearnsii,Fabaceae,black wattle,15,high risk
25,Acacia melanoxylon,Fabaceae,blackwood acacia,12,high risk
27,Acacia nilotica,Fabaceae,black thorn,14,high risk
29,Acacia parramattensis,Fabaceae,Parramatta green wattle,9,high risk
30,Acacia podalyriifolia,Fabaceae,Queensland silver wattle,12,high risk
31,Acacia pycnantha,Fabaceae,broadleaf wattle,16,high risk
32,Accacia retinodes,Fabaceae,water wattle,8,high risk
33,Acacia robusta,Fabaceae,splendid acacia,7,high risk
34,Acacia saligna,Fabaceae,Port Jackson wattle,17,high risk
35,Acca sellowiana,Myrtaceae,pineapple guava,5,evaluate
37,Acacia stenophylla,Fabaceae,river cooba,-2,low risk*
38,Acalypha godseffiana,Euphorbiaceae,acalypha,-7,low risk
39,Acalypha hispida,Euphorbiaceae,chenille plant,2,low risk*
42,Acalypha wilkesiana,Euphorbiaceae,beefsteak plant,-2,low risk
43,Acer rubrum,Aceraceae,red maple,8,high risk
44,Achillea millefolium,Asteraceae,common yarrow,19,high risk
45,Acmella grandiflora,Asteraceae,Acmella,0,low risk
46,Acnistus arborescens,Solanaceae,hollowheart,2,evaluate
47,Acokanthera schimperi,Apocynaceae,common-poisonbush,6,evaluate
48,Acoelorraphe wrightii,Arecaceae,Everglades palm,2,evaluate
49,Acrocomia aculeata,Arecaceae,coyoli palm,5,low risk*
50,Actinidia polygama,Actinidiaceae,silvervine,2,evaluate
51,Actinorhytis calapparia,Arecaceae,calappa palm,1,evaluate
52,Adansonia digitata,Bombacaceae,baobab tree,-6,low risk
55,Adenanthera pavonina,Fabaceae,red bead tree,7,high risk
57,Adiantum raddianum,Pteridaceae,delta maidenhair,15,high risk
59,Adenium obesum,Apocynaceae,desert rose,-8,low risk
60,Aechmea blanchetiana,Bromeliaceae,orange blanchetiana,0,low risk
61,Aechmea fasciata,Bromeliaceae,urn plant,2,low risk*
62,Aegle marmelos,Rutaceae,Bengal quince,4,evaluate
63,Aeschynomene americana,Fabaceae,American joint vetch,12,high risk
64,Aesculus californica,Hippocastanaceae,California buckeye,0,low risk
65,Afrocarpus falcatus,Podpcar[aceae,bastard yellow wood,0,low risk
66,Agapanthus africanus,Liliaceae,lily of the Nile,2.5,low risk*
67,Agapanthus praecox,Liliaceae,common Agapanthus,12,high risk
68,Agathis robusta,Araucariaceae,Queensland kauri,-5,low risk
69,Agave americana,Agavaceae,American century plant,12,high risk
74,Aglaia odorata,Meliaceae,Chinese perfume plant,-4,low risk
75,Aglaonema commutatum,Araceae,Aglaonema,1,low risk*
76,Aglaonema nitidum,Araceae,Aglaonema,0,low risk
77,Agonis flexuosa,Myrtaceae,willow myrtle,7,high risk
79,Agrostis stolonifera,Poaceae,carpet bentgrass,19,high risk
81,Ailanthus altissima,Simaroubaceae,tree of heaven,21,high risk
82,Aiphanes horrida,Arecaceae,ruffle palm,7,high risk
84,Ajania pacifica,Asteraceae,ajania,1,low risk*
85,Ajuga reptans,Lamiaceae,common bugleweed,11,high risk
86,Albizia adianthifolia,Fabaceae,West African albizzia,9,high risk
87,Albizia chinensis,Fabaceae,Chinese albizia,8,high risk
88,Albizia guachepele,Fabaceae,chime tree,-4,low risk
89,Albizia julibrissin,Fabaceae,pink sirus,18,high risk
92,Albizia lebbeck,Fabaceae,woman's-tongue tree,7,high risk
93,Albizia niopoides,Fabaceae,Caribbean albizia,6,evaluate
94,Aleurites moluccana,Euphorbiaceae,candlenut tree,12,high risk
96,Allamanda blanchetii,Apocynaceae,purple allamanda,6,evaluate
97,Allamanda cathartica,Apocynaceae,golden trumpet Allamanda,8,high risk
99,Allamanda schottii,ynaceae,bush allamanda,8,high risk
101,Allium sativum,Liliaceae,garlic,-4,low risk
102,Allocasuarina verticillata,Casuarinaceae,drooping she oak,-5,low risk
103,Allogoptera arenaria,Arecaceae,seashore palm,2,evaluate
104,Allophylus cobbe,Sapindaceae,wild berry,9,high risk
106,Alluaudia procera,Didiereaceae,Madagascar ocotillo,-7,low risk
107,Alnus nepalensis,Betulaceae,Nepalese alder,-2,low risk
108,Alocasia cucullata,Araceae,dwarf elephant ear,9,high risk
109,Alocasia sanderiana,Araceae,Kris plant,-2,low risk
110,Aloysia citrodora,Verbenaceae,lemon verbena,0,low risk
111,Alphitonia zizyphoides,Rhamnaceae,toi,0,low risk
112,Alpinia purpurata,Zingiberaceae,red ginger,4,evaluate
113,Alpinia zerumbet,Zingiberaceae,shell ginger,10,high risk
115,Alstonia macrophylla,Apocynaceae,deviltree,9,high risk
116,Alstonia scholaris,Apocynaceae,scholar tree,3,evaluate
121,Alyogyne huegelii,Malvaceae,lilac hibiscus,0,low risk
123,Ambrosia psilostachya,Asteraceae,western ragweed,15,high risk
127,Amaranthus tricolor,Amaranthaceae,Chinese amaranth,14,high risk
128,Amherstia nobilis,Fabaceae,pride of Burma,-8,low risk
130,Anacardium occidentale,Anacardiaceae,cashew,0,low risk
131,Andira inermis,Fabaceae,cabbage tree,-3,low risk
132,Andropogon bicornis,Poaceae,West Indian foxtail grass,18,high risk
134,Andropogon glomeratus,Poaceae,bushy bluestem,14,high risk
136,Andropogon virginicus,Poaceae,broomsedge,20,high risk
137,Anemone hupehensis,Ranunculaceae,Japanese anemone,8.5,high risk
138,Angiopteris evecta,Marattiaceae,giant fern,8,high risk
139,Anigozanthos flavidus,Haemodoraceae,Evergreen kangaroo paw,12,high risk
140,Annona cherimola,Annonaceae,cherimoya,-4,low risk
141,Annona glabra,Annonaceae,pond apple,10,high risk
142,Annona macroprophyllata,Annonaceae,perpauce,-2,low risk
143,Annona mucosa,Annonaceae,wild sweetsop,-3,low risk
144,Annona muricata,Annonaceae,soursop,-3,low risk
145,Annona reticulata,Annonaceae,custard apple,11,high risk
146,Annona squamosa,Annonaceae,custard apple,-2,low risk
147,Anredera cordifolia,Basellaceae,Madeira-vine,20,high risk
148,Anthocleista grandiflora,Gentianaceae,forest bigleaf,3,evaluate
149,Anthoxanthum nitens,Poaceae,vanilla grass,4,evaluate
150,Anthoxanthum odoratum,Poaceae,sweet vernalgrass,11,high risk
151,Anthurium hookeri,Araceae,birds nest anthurium,-6,low risk
152,Antigonon leptopus,Polygonaceae,coral vine,19,high risk
153,Aphanamixis polystachya,Meliaceae,pithraj tree,3,evaluate
154,Aphelandra aurantiaca,Acanthaceae,fiery spike,-2,low risk
155,Aphelandra sinclairiana,Acanthaceae,Sinclair's aphelandra,-3,low risk
156,Aptenia cordifolia,Aizoaceae,hearts and flowers,5,low risk*
158,Arachis glabrata,Fabaceae,perennial peanut,-1,low risk
160,Arachis hypogaea,Fabaceae,peanut,-2,low risk
161,Arachis pintoi,Fabaceae,perennial peanut,-1,low risk
163,Araucaria araucana,Araucariaceae,Chilean pine,-1,low risk
164,Araucaria bidwillii,Araucariaceae,Queensland pine,1,low risk*
165,Araucaria columnaris,Araucariaceae,Cooks pine,-5,low risk
166,Araucaria heterophylla,Araucariaceae,Norfolk Island pine,-5,low risk
167,Araujia saricifera,Apocynaceae,bladder flower,24,high risk
168,Archidendron clypearia,Fabaceae,archidendron,3,evaluate
169,Archontophoenix alexandrae,Arecaceae,Alexandra palm,8,high risk
170,Archontophoenix cunninghamiana,Arecaceae,king palm,6,evaluate
171,Archontophoenix purpurea,Arecaceae,purple king palm,1,evaluate
172,Archontophoenix tuckeri,Arecaceae,peach creek palm,4,evaluate
173,Arctotheca calendula (fertile),Asteraceae,capeweed,24,high risk
174,Arctotheca calendula (sterile),Asteraceae,capeweed,8,high risk
176,Ardisia crenata,Myrsinaceae,Hilo holly,10,high risk
177,Ardisia elliptica,Myrsinaceae,shoebutton ardisia,11,high risk
179,Ardisia polysticta,Myrsinaceae,niu zi guo,8,high risk
180,Ardisia sieboldii,Myrsinaceae,duo zhi zi jin niu,7,high risk
181,Areca catechu,Arecaceae,betel nut palm,-4,low risk
183,Areca triandra,Arecaceae,Australian areca palm,5,evaluate
184,Areca vestiaria,Arecaceae,red pinang,-2,low risk
185,Arenga pinnata,Arecaceae,sugar palm,7,high risk
186,Arenga tremula,Arecaceae,Philippines dwarf sugar palm,1,evaluate
188,Argemone mexicana,Papaveraceae,Mexican poppy,22,high risk
189,Argyreia nervosa,Convolvulaceae,Hawaiian baby woodrose,1,low risk*
191,Aristolochia ringens,Aristolochiaceae,gaping Dutchman's pipe,4,evaluate
193,Artabotrys hexapetalus,Annonaceae,climbing ylang-ylang,0,low risk
194,Arthrostemma ciliatum,Melastomataceae,pinkfringe,7,high risk
195,Artocarpus altilis,Moraceae,breadfruit,-12,low risk
196,Artocarpus heterophyllus,Moraceae,jackfruit,1,low risk*
198,Artocarpus odoratissimus,Moraceae,marang,-3,low risk
199,Artocarpus sericicarpus,Moraceae,gomihan,-2,low risk
200,Arundina graminifolia,Orchidaceae,bamboo orchid,11,high risk
201,Arundo donax,Poaceae,arundo,12,high risk
206,Asparagus densiflorus,Liliaceae,asparagus fern,15,high risk
207,Asparagus falcatus,Liliaceae,sicklethorn,11,high risk
209,Asparagus setaceus,Liliaceae,common asparagus fern,13,high risk
210,Aspidistra elatior,Liliaceae,cast iron plant,-1,low risk
213,Asterogyne martiana,Arecaceae,capoca,1,evaluate
214,Astronium graveolens,Anacardiaceae,zebrawood,-2,low risk
215,Asystasia gangetica,Acanthaceae,coromandel,12,high risk
216,Atractocarpus fitzalanii,Rubiaceae,randia,3,high risk*
217,Attalea cohune,Arecaceae,cohune palm,0,low risk
218,Averrhoa bilimbi,Oxalidaceae,cucumber tree,1,evaluate
219,Averrhoa carambola,Oxalidaceae,starfruit,-1,low risk
221,Axonopus compressus,Poaceae,carpetgrass,15,high risk
222,Axonopus fissifolius,Poaceae,carpetgrass,16,high risk
223,Azadirachta indica,Meliaceae,neem,10,high risk
224,Baccaurea ramiflora,Phyllanthaceae,Burmese grape,0,low risk
226,Bacopa procumbens,Plantaginaceae,baby jump-up,7,high risk
227,Balaka longirostris,Arecacear,Mbalaka,0,low risk
228,Bambusa chungii,Poaceae,emperor's blue bamboo,-1,low risk
229,Bambusa glaucophylla,Poaceae,Malay dwarf bamboo,-3,low risk
230,Bambusa lako,Poaceae,Timor black bamboo,-1,low risk
232,Bambusa multiplex,Poaceae,Chinese dwarf bamboo,5,evaluate
233,Bambusa oldhamii,Poaceae,Oldham's bamboo,1,evaluate
234,Bambusa textilis,Poaceae,weaver's bamboo,-3,low risk
235,Bambusa vulgaris,Poaceae,bamboo,5,low risk*
236,Banisteriopsis caapi,Malpighiaceae,caapi,0,low risk
237,Banksia burdettii,Proteaceae,Burdett's banksia,-2,low risk
238,Banksia ericifolia,Proteaceae,heath banksia,9,high risk
239,Banksia integrifolia,Proteaceae,coast banksia,5,high risk*
240,Banksia spinulosa,Proteaceae,hairpin banksia,5,high risk*
241,Barleria lupulina,Acanthaceae,hophead Phillipine violet,10,high risk
242,Barringtonia asiatica,Lecythidaceae,sea putat,-8,low risk
243,Barringtonia edulis,Lecythidaceae,cut nut,0,low risk
244,Barrya cubensis,Malvaceae,mountain-pear,1,low risk*
245,Basella alba,Basellaceae,Malabar spinach,8,high risk
246,Batis maritima,Bataceae,"pickleweed, saltwort",9,high risk
247,Bauhinia binata,Fabaceae,,-1,low risk
248,Bauhinia x blakeana,Fabaceae,Hong Kong orchid tree,-7,low risk
249,Bauhinia hookeri,Fabaceae,white bauhinia,-4,low risk
250,Bauhinia monandra,Fabaceae,pink orchid tree,7,high risk
252,Bauhinia purpurea,Fabaceae,purple bauhinia,7,high risk
254,Bauhinia tomentosa,Fabaceae,yellow tree bauhinia,-1,low risk
255,Bauhinia vahlii,Fabaceae,Bauhinia climber,7,high risk
256,Bauhinia variegata,Fabaceae,mountain ebony,9,high risk
258,Beaumontia grandiflora,Apocynaceae,Easter-lily-vine,-6,low risk
259,Beaumontia multiflora,Apocynaceae,herald's trumpet,-4,low risk
260,Beccariophoenix madagascariensis,Arecaceae,window palm,-7,low risk
262,Begonia foliosa,Begoniaceae,Fuchsia begonia,9,high risk
264,Berchemia zeyheri,Rhamnaceae,pink ivory,-2,low risk
266,Beta vulgaris L. ssp. vulgaris convar. saccharifera,Chemopodiaceae,sugar beet,-6,low risk
267,Bidens alba,Asteraceae,beggar's-tick,12,high risk
268,Bidens pilosa,Asteraceae,Spanish needle,23,high risk
271,Bischofia javanica,Bishofiaceae,bishopwood,7,high risk
272,Bismarckia nobilis,Arecaceae,Bismarck palm,-7,low risk
273,Bixa orellana,Bixaceae,lipstick tree,1,low risk*
274,Blechnum appendiculatum,Blechnaceae,palm fern,17,high risk
276,Blechnum orientale,Blechnaceae,oriental blechnum,-1,low risk
277,Blutaparon vermiculare,Amaranthaceae,samphire,7, high risk
278,Bocconia frutescens,Papaveraceae,plume poppy,18,high risk
279,Boehmeria nivea,Urticaceae,ramie,12,high risk
280,Boesenbergia rotunda,Zingiberaceae,Chinese-keys,0,low risk
281,Bolusanthus speciosus,Fabaceae,wisteria tree,-6,low risk
282,Bombax ceiba,Malvaceae,red silk-cotton tree,2,low risk*
284,Borassus aethiopum,Arecaceae,African fan palm,-1,low risk
285,Bothriochloa bladhii,Poaceae,Caucasian bluestem,19,high risk
286,Bougainvillea glabra,Nyctaginaceae,paperflower,-1,low risk
287,Bouteloua aristidoides,Poaceae,needle grama,9,high risk
288,Brachiaria brizantha x Brachiaria ruziziensis,Poaceae,cv. Mulato,2,low risk*
289,Brachychiton acerifolius,Sterculiaceae,Illawarra flame tree,-5,low risk
290,Brachychiton populneus,Sterculiaceae,bottletree,6,evaluate
292,Brahea armata,Arecaceae,blue hesper palm,3,low risk*
293,Brassica juncea,Brassicaceae,canola,15,high risk
294,Brassica napus,Brassicaceae,"rapeseed, turnip",16,high risk
295,Brexia madagascariensis,Grossulariaceae,brexia,-6,low risk
296,Breynia disticha,Euphorbiaceae,snowbush,-5,low risk
297,Bridelia insulana,Phyllanthaceae,Prickly Bridelia,1,evaluate
299,Broussonetia papyrifera,Moraceae,paper mulberry,3,low risk**
300,Brownea coccinea,Fabaceae,mountain rose,-5,low risk
301,Brownea macrophylla,Fabaceae,Panama flame,-8,low risk
302,Brugmansia candida,Solanaceae,angel's trumpet,2,low risk*
304,Brunfelsia americana,Solanaceae,lady of the evening,-3,low risk
305,Brunfelsia australis,Solanaceae,yesterday-today-and-tomorrow,-3,low risk
306,Brunfelsia densifolia,Solanaceae,serpentine hill raintree,-4,low risk
307,Brunfelsia latifolia,Solanaceae,kiss me quick,-3,low risk
308,Buchloe dactyloides,Poaceae,buffalo grass,4.5,low risk*
309,Bucida buceras,Combretaceae,black olive,-3,low risk
310,Bucida molinetii,Combretaceae,spiny black olive,-3,low risk
311,Buddleja asiatica,Buddlejaceae,Asian butterfly bush,9,high risk
313,Buddleja davidii,Buddlejaceae,butterfly bush,13,high risk
314,Buddleja madagascariensis,Buddlejaceae,butterfly bush,21,high risk
315,Buddleja marrubiifolia,Buddlejaceae,woolly butterfly bush,-3,low risk
317,Buddleja saligna,Buddlejaceae,false olive,2,low risk*
318,Bunchosia argentea,Malpighiaceae,peanut butter fruit,-3,low risk
319,Butia capitata,Arecaceae,jelly palm,0,low risk
320,Buxus sempervirens,Buxaceae,common box,7.5,high risk
321,Byrsonima crassifolia,Malpighiaceae,golden spoon,5,evaluate
323,Caesalpinia bonduc,Fabaceae,nickerbean,12,high risk**
324,Caesalpinia crista,Fabaceae,gray nicker,7,high risk
325,Caesalpinia decapetala,Fabaceae,Mysore thorn,20,high risk
326,Caesalpinia ferrea,Fabaceae,Brazilian ironwood,-3,low risk
327,Caesalpinia latisiliqua,Fabaceae,,5,evaluate
328,Caesalpinia major,Fabaceae,yellow nicker,10,high risk**
329,Caesalpinia pulcherrima,Fabaceae,dwarf poinciana,5,low risk*
330,Cajanus cajan,Fabaceae,pigeon pea,0,low risk
331,Calamus caesius,Aracaceae,sega rattan,3,evaluate
332,Calathea majestica,Marantaceae,,-1,low risk
333,Callaeum macropterum,Malphigiaceae,yellow butterfly vine,6,evaluate
334,Calliandra calothyrsus,Fabaceae,calliandra,11,high risk
335,Calliandra haematocephala,Fabaceae,red powder puff,2,low risk*
337,Calliandra surinamensis,Fabaceae,pink powderpuff,-4,low risk
338,Calicarpa japonica,Verbenaceae,Japanese beautyberry,5,evaluate
339,Callistemon citrinus,Myrtaceae,crimson bottlebrush,0,low risk
341,Callistemon rigidus,Myrtaceae,stiff bottlebrush,1,low risk*
342,Callistemon viminalis,Myrtaceae,weeping bottlebrush,3,low risk*
344,Callitris columellaris,Cupressaceae,white cypress-pine,9,high risk
345,Callitris endlicheri,Cupressaceae,black cypress-pine,10,high risk
346,Calodendrum capense,Rutaceae,Cape-chestnut,-1,low risk
347,Calophyllum inophyllum,Clusiaceae,kamani,6,evaluate**
349,Calopogonium mucunoides,Fabaceae,calopo,6,low risk*
350,Calotropis gigantea,Asclepiadaceae,crownplant,15,high risk
352,Calotropis procera,Asclepiadaceae,small crownflower,15,high risk
353,Camelina sativa,Brassicaceae,false flax,9.5,high risk
354,Camellia sinensis,Theaceae,tea,-4,low risk
355,Cananga odorata,Annonaceae,perfume tree,3,low risk*
356,Canarium album,Burseraceae,chinese olive,3,evaluate
357,Canarium indicum,Burseraceae,canarium-nut,-1,low risk
358,Canavalia ensiformis,Fabaceae,horsebean,6,low risk*
359,Canna indica,Cannaceae,African arrowroot,17,high risk
360,Cannabis sativa,Cannabaceae,marijuana,8.5,high risk
362,Capsicum annuum,Solanaceae,bird pepper,1,low risk*
363,Capsicum frutescens,Solanaceae,wild pepper,5,low risk*
364,Carallia brachiata,Rhizophoraceae,corkwood,3,evaluate
365,Cardiospermum grandiflorum,Sapindaceae,showy baloonvine,18,high risk
366,Cardiospermum halicacabum,Sapindaceae,balloon vine,12,high risk
368,Carex muskingumensis,Cyperaceae,Muskingum sedge,8,high risk
369,Carica papaya,Caricaceae,papaya,2,low risk*
370,Carica pentagona,Caricaceae,babaco,-10,low risk
372,Carissa grandiflora,Apocynaceae,Natal plum,-1,low risk
373,Carludovica palmata,Cyclanthaceae,Panama hat plant,7,high risk
374,Carmona retusa,Boraginaceae,Fukien tea,4,evaluate
375,Carpentaria acuminata,Arecaceae,Carpentaria palm,-5,low risk
376,Carpobrotus edulis,Aizoaceae,ice plant,9.5,high risk
377,Caryota mitis,Arecaceae,fishtail palm,1,evaluate
378,Caryota urens,Arecaceae,toddy palm,5,evaluate
379,Casimiroa edulis,Rutaceae,white sapote,2,low risk*
380,Cassia bakeriana,Fabaceae,pink shower tree,-2,low risk
381,Cassia fistula,Fabaceae,golden shower tree,3,low risk*
382,Cassia grandis,Fabaceae,pink shower tree,-5,low risk
383,Cassia javanica,Fabaceae,pink shower tree,-1,low risk
384,Cassia x nealiae,Fabaceae,rainbow shower tree,-8,low risk
385,Cassia roxburghii,Fabaceae,red cassia,-4,low risk
386,Castilla elastica,Moraceae,Panama rubber tree,9,high risk
387,Casuarina cunninghamiana,Casuarinaceae,cunninghamia beefwood,12,high risk
388,Casuarina equisetifolia,Casuarinaceae,ironwood,21,high risk
389,Casuarina glauca,Casuarinaceae,gray sheoak,20,high risk
390,Catalpa longissima,Bignoniaceae,Jamaica oak,2,low risk*
391,Catharanthus roseus,Apocynaceae,Madagascar periwinkle,12,high risk
392,Ceanothus 'Julia Phelps',Rhamnaceae,California lilac,-4,low risk
393,Cecropia obtusifolia,Cecropiaceae,trumpet tree,10,high risk
394,Cecropia peltata,Cecropiaceae,trumpet tree,9,high risk
395,Cedrela odorata,Meliaceae,Spanish cedar,2,evaluate
396,Cedrus deodara,Pinaceae,Deodar cedar,0,low risk
397,Ceiba pentandra,Bombacaceae,kopok tree,2,low risk*
400,Centaurea melitensis,Asteraceae,yellow star thistle,18,high risk
401,Centella asiatica,Apiaceae,Asiatic pennywort,7,high risk
402,Centranthus ruber,Valerianaceae,red valerian,10,high risk
403,Centratherum punctatum,Asteraceae,lark daily,8,high risk
404,Centrosema molle,Fabaceae,centro,11,high risk
406,Ceratonia siliqua,Fabaceae,carob tree,0,low risk
408,Cerbera manghas,Apocynaceae,pink-eyed cerbera,1,low risk*
409,Ceroxylon alpinum,Arecaceae,wax palm,-4,low risk
410,Cestrum aurantiacum,Solanaceae,orange cestrum,15,high risk
411,Cestrum elegans,Solanaceae,crimson cestrum,18,high risk
412,Cestrum nocturnum,Solanaceae,night-blooming jasmine,17,high risk
414,Chamaecrista nictitans,Fabaceae,partridge pea,0,low risk
415,Chamaedorea elegans,Arecaceae,parlor palm,0,low risk
416,Chamaedorea metallica,Arecaceae,metallic plam,-2,low risk
417,Chamaedorea seifrizii,Arecaceae,reed palm,6,evaluate
418,Chamaesyce albomarginata,Euphorbiaceae,rattle snake weed,3,low risk*
419,Chambeyronia macrocarpa,Arecaceae,Flame Thrower Palm,-1,low risk
420,Chamelaucium uncinatum,Asteraceae,Geraldton wax,-2.5,low risk
421,Chasmanthium latifolium,Poaceae,northern sea oats,8.5,high risk
422,Cheilocostus speciosus,Costaceae,crepe-ginger,11,high risk
423,Chenopodium carinatum,Chenopodiaceae,Tasmanian goosefoot,9,high risk
424,Chenopodium quinoa,Chenopodiaceae,quinoa,5,evaluate
429,Chlorocardium rodiei,Lauraceae,greenheart tree,-1,low risk
430,Chlorophytum comosum,Liliaceae,spiderplant,8,high risk
432,Chloroxylon swietenia,Rutaceae,East Indian satinwood,-3,low risk
433,Chorisia speciosa,Bombacaceae,floss-silk tree,-7,low risk
435,Chromolaena odorata,Asteraceae,chromolaena,34,high risk
436,Chrysanthemum cinerariifolium,Asteraceae,pyretrum,3,evaluate
437,Chrysobalanus icaco,Chrysobalanaceae,coco plum,12,high risk
438,Chrysophyllum oliviforme,Sapotaceae,satin leaf,7,high risk
440,Chrysopogon zizanioides (fertile),Poaceae,vetiver grass wild type,9,high risk
441,Chrysopogon zizanioides  'Sunshine',Poaceae,vetiver grass 'Sunshine',-8,low risk
443,Chrysothemis pulchella,Gesneriaceae,copper leaf,3,low risk*
446,Cinchona pubescens,Rubiaceae,quinine tree,9,high risk
447,Cinnamomum aromaticum,Lauraceae,chinese cinnamon,-3,low risk
448,Cinnamomum bermannii,Lauraceae,Padang cassia,12,high risk
449,Cinnamomum camphora,Lauraceae,camphor tree,7.5,high risk
450,Cinnamomum verum,Lauraceae,cinnamon tree,10,high risk
452,Cirsium vulgare,Asteraceae,bull thistle,18.5,high risk
453,Cissus discolor,Vitaceae,rex begonia vine,1,evaluate
454,Cissus nodosa,Vitaceae,Javanese treebine,8,high risk
455,Cissus quadrangularis,Vitaceae,veldt-grape,12,high risk
456,Cissus repens,Vitaceae,cissus,7,high risk
457,Cissus rotundifolia,Vitaceae,Venezuelan treebine,9,high risk
458,Cisus verticillata,Vitaceae,princess vine,12,high risk
459,Citharexylum spinosum,Verbenaceae,fiddlewood,7,high risk
460,Citrus aurantiifolia,Rutaceae,lime,2,low risk*
461,Citrus × Citrofortunella mitis,Rutaceae,calamondin,0,low risk
462,Citrus limon,Rutaceae,lemon,-3,low risk
463,Citrus maxima,Rutaceae,pummelo,0,low risk
464,Citrus x paradisi,Rutaceae,grapefruit,-8,low risk
465,Citrus reticulata,Rutaceae,Mandarin orange,-5,low risk
466,Citrus sinensis,Rutaceae,sweet orange,-2,low risk
468,Clausena lansium,Rutaceae,Chinese clausena,0,low risk
469,Cleistocactus baumannii,Cactaceae,firecracker cactus,-4,low risk
471,Clerodendrum buchananii,Verbenaceae,red clerodendrum,7,high risk
472,Clerodendrum chinense,Verbenaceae,Chinese glory bower,18,high risk
473,Clerodendrum glabrum,Verbenaceae,Natal glorybower,-1,low risk
474,Clerodendrum incisum,Verbenaceae,morning kiss,1,evaluate
475,Clerodendrum inerme,Verbenaceae,seaside clerodendrum,1,evaluate**
476,Clerodendrum macrostegium,Verbenaceae,velvetleaf glorybower,8,high risk
478,Clerodendrum paniculatum,Verbenaceae,pagoda flower,5,evaluate
479,Clerodendrum quadriloculare,Verbenaceae,bronze-leaved clerodendrum,11,high risk
480,Clerodendrum wallichii,Verbenaceae,chui mo li,3,evaluate
481,Clidemia hirta,Melastomataceae,Koster's curse,27,high risk
483,Clitoria ternatea,Fabaceae,butterfly pea,9,high risk
484,Clusia rosea,Clusiaceae,autograph tree,9,high risk
485,Cnidoscolus acontifolius,Euphorbiaceae,tree spinach,10,high risk
486,Cnidoscolus chayamansa,Euphorbiaceae,tree spinach,1,low risk*
488,Coccinia grandis,Cucurbitaceae,ivy gourd,21,high risk
489,Coccoloba uvifera,Polygonaceae,sea grape,-5,low risk
490,Coccothrinax barbadensis,Aracaceae,Puerto Rico silver palm,2,evaluate
492,Cochlospermum vitifolium,Bixaceae,buttercup tree,-4,low risk
493,Cocos nucifera,Arecaceae,coconut palm,-4,low risk
494,Codiaeum variegatum,Euphorbiaceae,croton,-4,low risk
495,Coffea arabica,Rubiaceae,coffee tree,2,high risk*
496,Coffea liberica,Rubiaceae,Liberian coffee tree,1,evaluate
499,Colpothrinax wrightii,Arecaceae,barrel palm,-2,low risk
501,Colvillea racemosa,Fabaceae,Colville's glory,-8,low risk
503,Combretum constrictum,Combretaceae,combretum,4,low risk*
506,Commelina communis,Commelinaceae,Asiatic daisy,21,high risk
507,Commelina diffusa,Commelinaceae,spreading dayflower,23,high risk
508,Congea tomentosa,Verbenaceae,shower of orchids,1,low risk*
509,Conocarpus erectus,Combretaceae,buttonwood,3,low risk*
510,Copaifera langsdorffii,Fabaceae,diesel tree,4,evaluate
511,Copernicia prunifera,Arecaceae,carnauba wax palm,0,low risk
512,Coprosma repens,Rubiaceae,creeping mirrorplant,8,high risk
513,Cordia alliodora,Boraginaceae,Spanish elm,8,high risk
514,Cordia lutea,Boraginaceae,yellow geiger,-6,low risk
515,Cordia monoica,Boraginaceae,snot berry,4,evaluate
516,Cordia sebestena,Boraginaceae,geiger tree,-1,low risk
517,Cordia subcordata,Boraginaceae,kou,-3,low risk
519,Cortaderia jubata,Poaceae,Andean pampas grass,26,high risk
521,Cortaderia selloana,Poaceae,pampas grass,24,high risk
522,Corymbia citriodora,Myrtaceae,lemon-scented gum,10,high risk
523,Corymbia ficifolia,Myrtaceae,red-flowering gum,-7,low risk
524,Corynocarpus laevigatus,Corynocarpaceae,karaka nut,7,high risk
525,Costus dubius,Costaceae,costus,8,high risk
526,Costus woodsonii,Costaceae,Indian-head ginger,11,high risk
527,Cotinus coggygria,Anacardiaceae,smoketree,4,evaluate
529,Cotoneaster pannosus,Rosaceae,silver-leaf cotoneaster,7,high risk
531,Crassula multicava,Crassulaceae,fairy crassula,12,high risk
532,Crassula ovata,Crassulaceae,jade plant,-4,low risk
533,Crateva religiosa,Capparaceae,spider tree,0,low risk
534,Cratoxylum formosum,Hypericaceae,pink mempat,1,evaluate
535,Crescentia cujete,Bignoniaceae,calabash tree,-8,low risk
536,Crinum asiaticum,Liliaceae,crinum,-4,low risk
537,Crossandra infundibuliformis,Acanthaceae,firecracker plant,2,low risk*
538,Crotalaria juncea,Fabaceae,Indian hemp,1,evaluate
542,Cryptomeria japonica,Taxodiaceae,Japanese cedar,-3,low risk
544,Cryptostegia grandiflora,Asclepiadaceae,rubbervine,28,high risk
545,Cryptostegia madagascariensis,Asclepiadaceae,Madagascar rubber vine,13,high risk
546,Cubanola domingensis,Rubiaceae,Dominica bell flower,-4,low risk
548,Cupaniopsis anacardioides,Sapindaceae,carrotwood,9,high risk
550,Cuphea hyssopifolia,Lythraceae,false heather,5,low risk*
551,Cuphea ignea,Lythraceae,Mexican cigar plant,3,low risk*
552,Cuphea subuligera,Lythraceae,mauve cuphea,1,low risk*
553,Cupressus arizonica,Cupressaceae,Arizona cypress,15,high risk
554,Cupressus x leylandii,Cupressaceae,Leyland cypress,-7,low risk
555,Cupressus lusitanica,Cupressaceae,Mexican cypress,6,low risk*
556,Cupressus macrocarpa,Cupressaceae,Monterey cypress,7,high risk
557,Cupressus sempervirens,Cupressaceae,Italian cypress,9,high risk
558,Curcuma longa,Zingiberaceae,tumeric,-8,low risk
559,Curcuma zedoaria,Zingiberaceae,rose tumeric,-3,low risk
561,Cussonia paniculata,Araliaceae,mountain cabbage tree,-7,low risk
562,Cussonia spicata,Araliaceae,cabbage tree,-5,low risk
563,Cyamopsis tetragonoloba,Fabaceae,cluster bean,-11,low risk
565,Cyathea australis,Cyatheaceae,rough tree fern,5,evaluate
566,Cyathea cooperi,Cyatheaceae,Australian tree fern,8,high risk
567,Cyathea medullaris,Cyatheaceae,black tree fern,7,high risk
568,Cycas revoluta,Cycadaceae,king sago,-2,low risk
570,Cymbopogon citratus,Poaceae,lemongrass,-2,low risk
571,Cynodon dactylon,Poaceae,Bermuda grass,22,high risk
573,Cyperus involucratus,Cyperaceae,umbrella sedge,17,high risk
576,Cyrtostachys renda,Arecaceae,sealing wax palm,1,evaluate
577,Dacryodes edulis,Burseraceae,bush buttertree,-3,low risk
580,Dalbergia latifolia,Fabaceae,black rosewood,5,evaluate
581,Dalbergia retusa,Fabaceae,Nicaragua rosewood,0,low risk
583,Dalbergia sissoo,Fabaceae,Indian rosewood,13,high risk
584,Dasylirion acrotrichum,Nolinaceae,green desert spoon,0,low risk
585,Dasylirion quadrangulatum,Nolinaceae,Mexican grass tree,-4,low risk
590,Davallia fejeensis,Davalliaceae,lacy hare's-foot fern,6,low risk*
591,Delairea odorata,Asteraceae,German ivy,14,high risk
593,Delonix regia,Fabaceae,flame tree,-1,low risk
594,Delonix velutina,Fabaceae,,-6,low risk
595,Dendrocalamus asper,Poaceae,rough giant bamboo,-3,low risk
596,Deplanchea tetraphylla,Bignoniaceae,golden boquet tree,-2,low risk
597,Derris elliptica,Fabaceae,tubaroot,7,high risk
599,Desmanthus virgatus,Fabaceae,slender mimosa,12,high risk
602,Desmodium nicaraguense,Fabaceae,vara de arco,-2,low risk
606,Desmodium umbellatum,Fabaceae,horse bush,5,low risk*
608,Dianella caerulea,Liliaceae,cerulean flaxlily,5,evaluate
609,Dianella revoluta,Hemerocallidaceae,spreading flax lily,2,low risk*
610,Dianella tasmanica,Hemerocallidaceae,Tasman flax lily,0,low risk
613,Dichorisandra thyrsiflora,Commelinaceae,blue ginger,1,low risk*
614,Dichrostachys cinerea,Fabaceae,marabou-thorn,16,high risk
615,Dictyosperma album,Arecaceae,hurricane palm,-3,low risk
616,Dieffenbachia seguine,Araceae,dumb cane,7,high risk
617,Digitalis purpurea,Scrophulariaceae,foxglove,7.5,high risk
618,Digitaria abyssinica,Poaceae,African couch grass,16,high risk
619,Digitaria insularis,Poaceae,sour grass,20,high risk
620,Dillenia indica,Dilleniaceae,dillenia,0,low risk
622,Dillenia suffruticosa,Dilleniaceae,shrubby dillenia,3,evaluate
623,Dimocarpus longan,Sapindaceae,dragon's eye,-2,low risk
624,Dioscorea bulbifera,Dioscoreaceae,air potato,13,high risk
627,Diospyros blancoi,Ebenaceae,velvet apple,-1,low risk
628,Diospyros digyna,Ebenaceae,black sapote,7,high risk
629,Diospyros vaccinioides,Ebenaceae,small persimmon,0,low risk
630,Diphysa americana,Fabaceae,guachipelin,0,low risk
631,Diplazium esculentum,Dryopteridaceae,vegetable fern,8,high risk
632,Dischidia ovata,Apocynaceae,watermelon Dischidia,0,low risk
635,Dissotis rotundifolia,Melastomataceae,dissotis,10,high risk
636,Dolichandrone spathacea,Bignoniaceae,mangrove trumpet-tree,-5,low risk
637,Dolichos lablab,Fabaceae,lablab bean,-1,low risk
638,Dorstenia contrajerva,Moraceae,snakewort,9,high risk
639,Doryanthes excelsa,Doryanthaceae,giant lily,0,low risk
640,Dovyalis hebecarpa,Salicaceae,Ceylon gooseberry,7,high risk
641,Dracaena draco,Agavaceae,dragon tree,-5,low risk
642,Dracaena fragrans,Agavaceae,corn plant,0,low risk
643,Dracaena marginata,Agavaceae,money tree,-1,low risk
644,Dracaena marginata 'Tricolor',Agavaceae,tricolor Dracaena,-1,low risk
646,Duranta erecta,Verbenaceae,golden dewdrop,13,high risk
647,Durio zibethinus,Malvaceae,durian,-2,low risk
648,Dypsis decaryi,Arecaceae,triangle palm,-7,low risk
649,Dypsis lanceolata,Arecaceae,ivovowo palm,0,low risk
650,Dypsis leptocheilos,Arecaceae,teddy bear palm,-1,low risk
651,Dypsis lutescens,Arecaceae,butterfly palm,2,evaluate
652,Dypsis madagascariensis,Arecaceae,Malagasy Palm,5,evaluate
653,Dypsis pembana,Arecaceae,pemba palm,0,low risk
654,Dysphania ambrosioides,Chenopodiaceae,American wormseed,15,high risk
656,Echinochloa esculenta,Poaceae,Japanese millet,8,high risk
661,Eichhornia crassipes,Pontederiaceae,water hyacinth,26,high risk
662,Elaeagnus umbellata,Elaeagnaceae,autumn olive,13,high risk
663,Elaeis guineensis,Arecaceae,African oil palm,10,high risk
664,Elaeocarpus angustifolius,Elaeocarpaceae,blue marble tree,4,evaluate
665,Elaeocarpus hainanensis,Elaeocarpaceae,Hainan elaeocarpus,1,evaluate
666,Elaeodendron orientale,Celastraceae,false olive,-1,low risk
668,Eleusine coracana,Poaceae,finger millet,2,evaluate
670,Emex australis,Polygonaceae,spiny emex,17,high risk
671,Enchylaena tomentosa,Chenopodiaceae,ruby saltbush,5,low risk*
672,Enterolobium cyclocarpum,Fabaceae,ear tree,3,low risk*
674,Epiphyllum oxypetalum,Cactaceae,Dutchman's-pipe cactus,2,low risk*
675,Epipremnum pinnatum,Araceae,pothos,9,high risk
677,Episcia cupreata,Gesneriaceae,flame violet,3,low risk*
678,Episcia dianthiflora,Gesneriaceae,lace flower vine,-2,low risk
680,Eragrostis elliottii,Poaceae,blue lovegrass,12,high risk
682,Eranthemum pulchellum,Acanthaceae,blue sage,0,low risk
683,Erblichia odorata,Turneraceae,butterfly tree,0,low risk
684,Eremochloa ophiuroides,Poaceae,centipede grass,8,high risk
685,Eremospatha macrocarpa,Arecacear,large-fruit rattan palm,2,evaluate
686,Erica lusitanica,Ericaceae,Spanish heath,20.5,high risk
687,Erigeron karvinskianus,Asteraceae,Mexican daisy,11,high risk
688,Eriobotrya japonica,Rosaceae,loquat,1,evaluate
689,Erythrina abyssinica,Fabaceae,erythrina,5,low risk*
690,Erythrina corallodendron,Fabaceae,coral bean tree,6,evaluate
691,Erythrina crista-galli,Fabaceae,cockspur coral tree,6,low risk*
692,Erythrina poeppigiana,Fabaceae,coral tree,12,high risk
693,Erythrina sigmoidea,Fabaceae,,6,evaluate
694,Erythrina speciosa,Fabaceae,coral tree,11,high risk
695,Erythrina subumbrans,Fabaceae,December tree,5,evaluate
696,Erythrina variegata,Fabaceae,coral tree,-2,low risk
697,Escallonia rubra var. macrantha,Grossulariaceae,redclaws,4,evaluate
698,Eschscholzia californica,Papaveraceae,Californian poppy,14,high risk
699,Etlingera elatior,Zingiberaceae,torch ginger,1,evaluate
702,Eucalyptus caesia,Myrtaceae,silver princess,0,low risk
705,Eucalyptus cinerea,Myrtaceae,silver dollar gum,4,low risk*
706,Eucalyptus cloeziana,Myrtaceae,Queensland messmate,-1,low risk
707,Eucalyptus crebra,Myrtaceae,ironbark,-1,low risk
708,Eucalyptus deglupta,Myrtaceae,Indonesian gum,2,low risk*
709,Eucalyptus dunnii,Myrtaceae,Dunn's white gum,0,low risk
710,Eucalyptus erythrocorys,Myrtaceae,candle bark gum,6,evaluate
711,Eucalyptus gardneri,Myrtaceae,blue mallet,0,low risk
712,Eucalyptus globulus,Myrtaceae,blue gum,10,high risk
713,Eucalyptus grandis,Myrtaceae,rose gum,11,high risk
716,Eucalyptus gunnii,Myrtaceae,cider gum,2,evaluate
717,Eucalyptus intermedia,Myrtaceae,bloodwood,1,low risk*
718,Eucalyptus kruseana,Myrtaceae,Kruse's mallee,0,low risk
719,Eucalyptus macrocarpa,Myrtaceae,mottlecah,3,evaluate
720,Eucalyptus microcorys,Myrtaceae,Australian tallowwood,1,low risk*
721,Eucalyptus paniculata,Myrtaceae,grey ironbark,11,high risk
722,Eucalyptus pellita,Myrtaceae,red mahogany,3,low risk*
723,Eucalyptus platypus,Myrtaceae,round-leaved moort,0,low risk
724,Eucalyptus pulverulenta,Myrtaceae,silver gum,-1.5,low risk
725,Eucalyptus robusta,Myrtaceae,swamp mahogany,3,low risk*
726,Eucalyptus saligna,Myrtaceae,Sydney blue gum,7,high risk
727,Eucalyptus salubris,Myrtaceae,gimlet,-3,low risk
728,Eucalyptus sideroxylon,Myrtaceae,black ironbark,2,low risk*
729,Eucalyptus stoatei,Myrtaceae,scarlet pear gum,-2,low risk
730,Eucalyptus tereticornis,Myrtaceae,forest red gum,5,low risk*
731,Eucalyptus torelliana,Myrtaceae,blood-leaf gum,4,evaluate
732,Eucalyptus torquata,Myrtaceae,coral gum,-1,low risk
733,Eucalyptus urograndis,Myrtaceae,urograndis hybrid,1,low risk*
734,Eucalyptus urophylla,Myrtaceae,Timor mountain gum,4,low risk*
735,Eucalyptus yarraensis,Myrtaceae,yarra gum,1,low risk*
736,Eugenia brasiliensis,Myrtaceae,Brazil cherry,1,evaluate
737,Eugenia uniflora,Myrtaceae,Surinam cherry,12,high risk
739,Euphorbia amygdaloides,Euphorbiaceae,wood spurge,12,high risk
740,Euphorbia cotinifolia,Euphorbiaceae,red spurge,-2,low risk
741,Euphorbia cyathophora,Euphorbiaceae,fire-on-the-mountain,7,high risk
743,Euphorbia hypericifolia,Euphorbiaceae,graceful spurge,7,high risk
744,Euphorbia ingens,Euphorbiaceae,candelabra tree,7,high risk
745,Euphorbia lactea,Euphorbiaceae,candelabra spurge,8,high risk
746,Euphorbia lathyris,Euphorbiaceae,petroleum plant,9,high risk
747,Euphorbia leucocephala,Euphorbiaceae,pascuita,-2,low risk
748,Euphorbia milli,Euphorbiaceae,crown of thorns,1,low risk*
749,Euphorbia pulcherrima,Euphorbiaceae,poinsettia,-7,low risk
751,Euphorbia stenoclada,Euphorbiaceae,silver thicket,3,evaluate
753,Euphorbia tirucalli,Euphorbiaceae,fingertree,11,high risk
754,Euterpe oleracea,Arecaceae,assai,5,evaluate
755,Evolvulus glomeratus,Convolvulaceae,blue daze,0,low risk
756,Excoecaria indica,Euphorbiaceae,mock willow,1,evaluate
757,Fagopyrum esculentum,Polygonaceae,buckwheat,-6,low risk
758,Fagraea berteroana,Loganiaceae,pua keni keni,-1,low risk
759,Falcataria moluccana,Fabaceae,albizia,8,high risk
762,Festuca arundinacea,Poaceae,tall fescue,17,high risk
763,Ficus benghalensis,Moraceae,banyan,3,low risk*
764,Ficus benjamina,Moraceae,weeping fig,4,evaluate
765,Ficus binnendijkii,Moraceae,sabre ficus,-1,low risk
766,Ficus carica,Moraceae,common fig,2,low risk*
767,Ficus celebensis,Moraceae,willow-leaved fig,-3,low risk
768,Ficus cordata ssp. salicifolia,Moraceae,willow-leaf fig,0,low risk
769,Ficus deltoidea,Moraceae,mistletoe fig,0,low risk
771,Ficus elastica,Moraceae,India rubber tree,-5,low risk
772,Ficus lyrata,Moraceae,fiddleleaf fig,-5,low risk
773,Ficus macrophylla,Moraceae,Moreton Bay fig,3,evaluate
774,Ficus microcarpa,Moraceae,Chinese banyan,10,high risk
776,Ficus natalensis,Moraceae,Natal fig,1,evaluate
777,Ficus pumila,Moraceae,creeping fig,2,low risk*
779,Ficus religiosa,Moraceae,bo tree,7,high risk
780,Ficus rubiginosa,Moraceae,Port Jackson fig,7,high risk
781,Ficus tikoua,Moraceae,waipahu fig,-3,low risk
782,Ficus virens,Moraceae,spotted fig,5,evaluate**
783,Filicium decipiens,Sapindaceae,soapberry,2,evaluate
786,Flacourtia indica,Flacourtiaceae,govenor's plum,12,high risk
788,Flemingia macrophylla,Fabaceae,,5,evaluate
789,Flemingia strobilifera,Fabaceae,wild hops,5,evaluate
790,Flindersia brayleyana,Rutaceae,Queensland maple,-3,low risk
791,Flueggea virosa,Euphorbiaceae,white-berry bush,7,high risk
793,Foeniculum vulgare,Apiaceae,fennel,19,high risk
794,Fortunella crassifolia,Rutaceae,meiwa kimquat,-10,low risk
796,Frangula californica,Rhamnaceae,coffeeberry,5,high risk*
797,Fraxinus uhdei,Oleaceae,tropical ash,11,high risk
798,Fremontodendron californicum,Sterculiaceae,flannelbush,3,low risk*
800,Funtumia elastica,Apocynaceae,African rubber tree,10,high risk
801,Galphimia gracilis,Malphigiaceae,slender goldshower,-2,low risk
802,Garcinia mangostana,Clusiaceae,mangosteen,-5,low risk
803,Garcinia xanthochymus,Clusiaceae,yellow mangosteen,4,evaluate
804,Gardenia jasminoides,Rubiaceae,Cape jasmine,0,low risk
805,Gardenia taitensis,Rubiaceae,Tahitian gardenia,-4,low risk
806,Gardenia thunbergia,Rubiaceae,wild gardenia,-4,low risk
807,Gaura lindheimeri,Onagraceae,gaura,2,low risk*
808,Gaussia attenuata,Arecaceae,llume palm,0,low risk
809,Gazania rigens var. leucolaena,Asteraceae,trailing gazania,9,high risk
811,Geonoma interrupta,Arecaceae,chontilla,6,high risk
813,Gigantochloa apus,Poaceaae,Tabashir bamboo,2,low risk*
814,Gigantochloa atter,Poaceaae,sweet bamboo,-3,low risk
815,Gigantochloa robusta,Poaceaae,robust bamboo,-4,low risk
816,Ginkgo biloba,Ginkgoaceae,ginkgo,0,low risk
819,Gliricidia sepium,Fabaceae,mother of cacao,-3,low risk
821,Gmelina arborea,Verbenaceae,gmelina,2,low risk*
823,Gmelina asiatica,Verbenaceae,Asian bushbeech,13,high risk
824,Godmania aesculifolia,Bignoniaceae,cachillo,-3,low risk
826,Gomphocarpus physocarpus,Asclepiadaceae,milkweed,8,high risk
827,Gomphrena globosa,Amaranthaceae,globe amaranth,8,high risk
829,Gossypium barbadense,Malvaceae,sea island cotton,5,evaluate
830,Gossypium hirsutum,Malvaceae,upland cotton,9,high risk
831,Graptopetalum paraguayense,Crassulaceae,Ghost Plant,2,low risk*
832,Graptophyllum pictum,Acanthaceae,caricature-plant,-5,low risk
833,Grevillea banksii,Proteaceae,Bank's grevillea,8,high risk
834,Grevillea robusta,Proteaceae,silky oak,5,evaluate
835,Grevillea rosmarinifolia,Proteaceae,rosmary grevilea,4,evaluate
837,Grewia micrantha,Malvaceae,golden fruit raisin,5,evaluate
838,Grewia occidentalis,Malvaceae,lavender star flower,-3,low risk
839,Griffonia simplicifolia,Fabaceae,griffonia,0,low risk
840,Guaiacum officinale,Zygophyllaceae,lignum vitae,-6,low risk
841,Guaiacum sanctum,Zygophyllaceae,holywood,3,evaluate
842,Guettarda speciosa,Rubiaceae,beach gardenia,-1,low risk
843,Gutierrezia sarothrae,Asteraceae,broom snakeweed,15,high risk
844,Guzmania lindenii,Bromeliaceae,guzmania,7,high risk
846,Gymnosporia emarginata,Celastraceae,kankera,2,evaluate
847,Gymnostoma papuanum,Casurinaceae,gymnostoma,0,low risk
850,Haematoxylum campechianum,Fabaceae,campechewood,8,high risk
851,Hakea salicifolia,Porteaceae,willow hakea,13,high risk
852,Hamelia patens,Rubiaceae,firebush,7,high risk
854,Haplophragma adenophyllum,Bignoniaceae,karenwood,0,low risk
855,Harpephyllum caffrum,Anacardiaceae,wild plum,-1,low risk
856,Harpullia pendula,Sapindaceae, tulipwood,-4,low risk
857,Hedera algeriensis,Araliaceae,Algerian ivy,4,high risk*
859,Hedera helix,Araliaceae,English ivy,10,high risk
861,Hedychium coronarium,Zingiberaceae,white ginger,10,high risk
862,Hedychium flavescens,Zingiberaceae,yellow ginger,11,high risk
863,Hedychium gardnerianum,Zingiberaceae,kahili ginger,16,high risk
864,Helianthus annuus,Asteraceae,sunflower,10.5,high risk
866,Heliconia caribaea,Heliconiaceae,heliconia,-1,low risk
867,Heliconia psittacorum,Heliconiaceae,parrot's beak,11,high risk
868,Heliconia stricta,Heliconiaceae,small lobster claw,6,low risk*
870,Helictotrichon sempervirens,Poaceae,blue oat grass,1,low risk*
871,Heliocarpus popayanensis,Tiliaceae,moho,7,high risk
872,Hemerocallis citrina,Liliaceae,citron day-lily,-7,low risk
873,Hemerocallis fulva var. aurantiaca,Liliaceae,day lily,-3,low risk
874,Hemerocallis lilioasphodelus,Liliaceae,lemon day-lily,-1,low risk
875,Hemerocallis thunbergii,Liliaceae,late yellow day-lily,-6,low risk
876,Hemigraphis alternata,Acanthaceae,metal leaf,1,low risk*
877,Heritiera littoralis,Sterculiaceae,looking-glass tree,-2,low risk
878,Hernandia ovigera,Hernandiaceae,jack in the box tree,-4,low risk
879,Hernandia sonora,Hernandiaceae,toporite,-5,low risk
880,Heteromeles arbutifolia,Rosaceae,Christmas berry,9,high risk
881,Herterospathe elata,Arecaceae,sagisi palm,5,evaluate
882,Hibiscus calyphyllus,Malvaceae,lemonyellow rosemallow,1,low risk*
883,Hibiscus immaculatus,Malvaceae,koki‘o ke‘oke‘o,-3,low risk
884,Hibiscus insularis,Malvaceae,Philip Island hibiscus,-3,low risk
885,Hibiscus mutabilis,Malvaceae,cotton rose,0,low risk
886,Hibiscus rosa-sinensis,Malvaceae,Chinese hibiscus,-2,low risk
887,Hibiscus sabdariffa,Malvaceae,roselle,6,low risk*
888,Hibiscus schizopetalus,Malvaceae,coral hibiscus,-4,low risk
889,Hibiscus syriacus,Malvaceae,rose of Sharon,5,evaluate
891,Hippeastrum puniceum,Liliaceae,Barbados lily,2,low risk*
892,Hiptage benghalensis,Malpighiaceae,hiptage,8,high risk
894,Holmskioldia sanguinea,Verbenaceae,Chinese hatplant,-1,low risk
895,Holmskioldia tettensis,Verbenaceae,purple Chinese hatplant,-5,low risk
896,Homalanthus populifolius,Euphorbiaceae,bleeding heart tree,15,high risk
897,Houttuynia cordata,Saururaceae,chameleon-plant,8,high risk
898,Howea forsteriana,Arecaceae,kantia palm,3,evaluate
899,Hoya australis,Asclepiadaceae,Samoan wax flower,8,high risk
900,Hoya multiflora,Asclepiadaceae,wax plant,-2,low risk
901,Hunnemannia fumanifolia,Papaveraceae,goldencup,3,low risk*
902,Hura crepitans,Euphorbiaceae,sandbox tree,8,high risk
904,Hygrophila polysperma,Acanthaceae,East Inian swampweed,20,high risk
906,Hymenaea courbaril,Fabaceae,West Indian locust,0,low risk
907,Hyophorbe lagenicaulis,Arecaceae,bottle palm,-3,low risk
908,Hyophorbe verschaffeltii,Arecaceae,spindle palm,-5,low risk
912,Hypericum canariense,Clusiaceae,Canary Islands St. Johnswort,9,high risk
913,Hypericum perforatum,Clusiaceae,goatweed,12,high risk
914,Hypoestes phyllostachya,Acanthaceae,polka dot plant,20,high risk
918,Iguanura bicornis,Arecaceae,horned seed palm,-1,low risk
919,Ilex aquifolium,Aquifoliaceae,English holly,17,high risk
920,Ilex cassine,Aquifoliaceae,dahoon holly,3,evaluate
921,Ilex dimorphophylla,Aquifoliaceae,Okinawan holly,2,low risk
923,Ilex paraguariensis,Aquifoliaceae,yerba mate,8,high risk
924,Ilex vomitoria forma 'Pendula,Aquifoliaceae,weeping yaupon holly,3.5,evaluate
925,Impatiens balsamina,Balsaminaceae,impatiens,5,evaluate
926,Impatiens hawkeri,Balsaminaceae,New Guinea impatiens,8,high risk
927,Impatiens walleriana,Balsaminaceae,garden impatiens,6,low risk*
928,Imperata cylindrica,Poaceae,cogon grass,22,high risk
934,Indigofera suffruticosa,Fabaceae,indigo,11,high risk
935,Indigofera teysmannii,Fabaceae,neel,0,low risk
936,Inga edulis,Fabaceae,ice cream bean,3,evaluate
937,Inga feuilleei,Fabaceae,ice cream bean,3,evaluate
938,Inga laurina,Fabaceae,guama,6,evaluate
939,Inocarpus fagifer,Fabaceae,Polynesian chestnut,-3,low risk
940,Intsia bijuga,Fabaceae,kwila,-6,low risk
942,Ipomoea batatas,Convolvulaceae,sweet potato,2,low risk*
943,Ipomoea horsfalliae,Convolvulaceae,Kuhio vine,1,low risk*
945,Ipomoea obscura,Convolvulaceae,obscure morning glory,10,high risk
946,Ipomoea quamoclit,Convolvulaceae,cypress vine,14,high risk
947,Ipomoea triloba,Convolvulaceae,three-lobed morning glory,15,high risk
948,Iresine herbstii,Amaranthaceae,blood leaf,0,low risk
951,Ischaemum polystachyum,Poaceae,paddle grass,20,high risk
952,Ixora chinensis,Rubiaceae,Chinese ixora,-2,low risk
953,Ixora coccinea,Rubiaceae,jungle flame,4,evaluate
954,Ixora pavetta,Rubiaceae,torchwood,1,evaluate
955,Jacaranda mimosifolia,Bignoniaceae,jacaranda,1,low risk*
956,Jasminum fluminense,Oleaceae,Brazilian jasmine,16,high risk
957,Jasminum grandiflorum,Oleaceae,Spanish jasmine,2,low risk*
958,Jasminum mesnyi,Oleaceae,primrose jasmine,2.5,low risk*
959,Jasminum multiflorum,Oleaceae,star jasmine,2,low risk*
960,Jasminum polyanthum,Oleaceae,winter jasmine,10,high risk
962,Jatropha curcas,Euphorbiaceae,physic nut,17,high risk
966,Jatropha gossypiifolia,Euphorbiaceae,cotton-leaved physic nut,18,high risk
967,Jatropha integerrima,Euphorbiaceae,peregrina,0,low risk
968,Jatropha multifida,Euphorbiaceae,coralplant,8,high risk
969,Jatropha podagrica,Euphorbiaceae,gout stalk,2,low risk*
970,Joannesia princeps,Euphorbiaceae,arara nut tree,0,low risk
972,Juniperus bermudiana,Cupressaceae,Bermuda juniper,7,high risk
973,Juniperus chinensis,Cupressaceae,Chinese juniper,-3,low risk
974,Justicia betonica,Acanthaceae,squirrels-tail,12,high risk
975,Justicia brandegeeana,Acanthaceae,shrimp plant,-1,low risk
976,Justicia carnea,Acanthaceae,Brazilian plume,12,high risk
977,Justicia pectoralis,Acanthaceae,death angel,8,high risk
978,Justicia spicigera,Acanthaceae,firecracker bush,8,high risk
979,Kaempferia galanga,Zingiberaceae,galanga,1,low risk*
980,Kalanchoe beharensis,Crassulaceae,velvet leaf,4,evaluate
981,Kalanchoe delagoensis,Crassulaceae,chandelier plant,9,high risk
985,Kalanchoe tomentosa,Crassulaceae,panda plant,4,low risk*
986,Keteleeria davidiana,Pinaceae,common keteleeria,0,low risk
987,Khaya anthotheca,Meliaceae,East African mahogany,-1,low risk
988,Khaya senegalensis,Meliaceae,African mahogany,0,low risk
989,Kigelia africana,Bignoniaceae,sausage tree,0,low risk
991,Koeleria glauca,poaceae,glaucous hairgrass,3,low risk*
992,Koelreuteria elegans,Sapindaceae,Chinese rain tree,8,high risk
993,Kopsia arborea,Apocynaceae,rui-mu,2,evaluate
994,Kopsia fruticosa,Apocynaceae,shrub vinca,-6,low risk
995,Kopsia singapurensis,Apocynaceae,Singpore kopsia,-4,low risk
997,Laccospadix australasica,Aracaceae,Atherton palm,1,evaluate
998,Lagenaria siceraria,Cucurbitaceae,bottle gourd,0,low risk
999,Lagerstroemia indica,Lythraceae,crape myrtle,6,low risk*
1000,Lagerstroemia indica x L. fauriei,Lythraceae,crepe myrtle hybrid,4,low risk*
1001,Lagerstroemia speciosa,Lythraceae,queen's crape myrtle,-4,low risk
1002,Lagerstroemia  tomentosa,Lythraceae,leza wood,-2,low risk
1003,Lagunaria patersonia,Malvaceae,Norfolk-hibiscus,7,high risk
1004,Lagurus ovatus,Poaceae,hare's tail grass,7,high risk
1005,Lamarckia aurea,Poaceae,goldentop grass,11,high risk
1007,Lansium domesticum,Meliaceae,langsat,0,low risk
1008,Lantana camara,Verbenaceae,lantana,32,high risk
1009,Lantana montevidensis,Verbenaceae,trailing lantana,16,high risk
1010,Laportea aestuans,Urticaceae,West Indian-nettle,10,high risk
1011,Latania loddigesii,Arecaceae,blue Latan palm,-8,low risk
1012,Laurus nobilis,Lauraceae,bay laurel,6,evaluate
1013,Lavandula dentata,Lamiaceae,French lavender,1,low risk*
1014,Lavandula  x intermedia,Lamiaceae,Dutch lavender,-6,low risk
1015,Lavatera maritima,Malvaceae,tree mallow,-6,low risk
1016,Lawsonia inermis,Lythraceae,henna,5,evaluate
1017,Lebronnecia kokioides,Malvaceae,,-2,low risk
1018,Lecythis zabucajo,Lecythidaceae,monkeynut,-4,low risk
1019,Leea guineensis,Leeaceae,Hawaiian holly,-1,low risk
1021,Leonotis nepetifolia,Lamiaceae,lion's tail,19,high risk
1024,Lepidium africanum,Brassicaceae,African pepperwort,10,high risk
1026,Lepidium virginicum,Brassicaceae,Virginia peppeerweed,17,high risk
1027,Leptochloa panicea,Poaceae,red sprangletop,12,high risk
1028,Leptospermum laevigatum,Myrtaceae,Australian teatree,11,high risk
1029,Leptospermum scoparium,Myrtaceae,New Zealand tea,20,high risk
1030,Lespedeza cuneata,Fabaceae,Chinese lespedeza,17,high risk
1033,Leucaena leucocephala,Fabaceae,leucaena,15,high risk
1036,Leucaena leucocephala cv. 'KX2-Hawaii',Fabaceae,leucaena,3,evaluate
1037,Leucaena leucocephala cv. 'Wondergraze',Fabaceae,leucaena,7,high risk
1038,Leucaena leucocephala var. 'Tarramba',Fabaceae,var. 'Tarramba',10,high risk
1039,Leucophyllum frutescens,Scrophulariaceae,Texas ranger,-3,low risk
1040,Leucospermum bolusii,Proteaceae,Gordon's Bay pincushion,-4,low risk
1041,Leycesteria formosa,Caprifoliaceae,Himalayan honeysuckle,18,high risk
1042,Licania platypus,Chrysobalanaceae,monkey apple,-1,low risk
1043,Licuala grandis,Aracaceae,ruffled fan palm,6,evaluate
1044,Ligustrum japonicum,Oleaceae,privet,6,evaluate
1046,Ligustrum lucidum,Oleaceae,glossy privet,6,evaluate
1047,Ligustrum sinense,Oleaceae,Chinese privet,11,high risk
1048,Linaria dalmatica,Plantaginaceae,Dalmatian toadflax,17,high risk
1049,Linaria purpurea,Plantaginaceae,purple toadflax,1,high risk*
1050,Linum usitatissimum,Linaceae,flax,9.5,high risk
1051,Liriodendron tulipifera,Magnoliaceae,tulip poplar,2,evaluate
1052,Liriope muscari,Liliaceae,lilyturf,4.5,low risk*
1054,Liriope spicata,Liliaceae,creeping lilyturf,7.5,high risk
1055,Litchi chinensis,Sapindaceae,lychee,-6,low risk
1057,Livistonia australis,Arecaceae,Australian fan palm,3,evaluate
1058,Livistona chinensis,Arecaceae,Chinese fan palm,5,evaluate
1060,Livistona rotundifolia,Arecaceae,footstool palm,-1,low risk
1061,Livistona saribus,Arecaceae,taraw palm,6,evaluate
1062,Lobularia maritma,Brassicaceae,sweet alyssum,8,high risk
1063,Lolium multiflorum,Poaceae,Italian ryegrass,9,high risk
1064,Lomandra longifolia 'tanika',Laxmanniaceae,fine leaf lomandra,1,low risk*
1065,Lonicera x heckrottii,Caprifoliaceae,goldflame honeysuckle,-5,low risk
1067,Lonicera japonica,Caprifoliaceae,Japanese honeysuckle,12,high risk
1069,Lophanthera lactescens,Malpighiaceae,golden chain tree,0,low risk
1070,Lophospermum erubescens,Myrtaceae,creeping gloxinia,10,high risk
1071,Lophospermum scandens,Plantaginaceae,twining snapdrago,-2,low risk
1072,Lophostemon confertus,Myrtaceae,Brisbane box,-3,low risk
1073,Lotus berthelotii,Fabaceae,parrot's beak,-1,low risk
1076,Luma apiculata,Myrtaceae,Chilean myrtle,0,low risk
1077,Lupinus albifrons,Fabaceae,silver lupine,5.5,evaluate
1078,Luzula nivea,Juncaceae,snowy wood rush,4,low risk*
1079,Luzula sylvatica,Juncaceae,greater woodrush,7,high risk
1080,Lycium barbarum,Solanaceae,"goji berry, matrimony vine",12,high risk
1081,Lycium chinense,Solanaceae,Chinese wolfberry,8,high risk
1082,Lygodium japonicum,Schizaeaceae,Japanese climbing fern,23,high risk
1087,Lysiloma latisiliquum,Fabaceae,wild tamarind,2,low risk*
1088,Lysiloma watsonii,Fabaceae,lysiloma,-5,low risk
1089,Lysimachia fortunei,Primulaceae,lysimachia,8,high risk
1090,Macadamia integrifolia,Proteaceae,macadamia,-1,low risk
1091,Macaranga mappa,Euphorbiaceae,bingabing,11,high risk
1092,Macaranga tanarius,Euphorbiaceae,parasol leaf tree,12,high risk
1093,Macfadyena unguis-cati,Bignoniaceae,cat's claw climber,17,high risk
1094,Maclura pomifera,Moraceae,osage-orange,5,evaluate
1096,Macroptilium atropurpureum,Fabaceae,siratro,7,high risk
1097,Macroptilium bracteatum,Fabaceae,burgundy bean,-1,low risk
1099,Macrotyloma axillare,Fabaceae,perennial horsegram,10,high risk
1100,Maesopsis eminii,Rhamnaceae,umbrella tree,8,high risk
1101,Magnolia grandiflora,Magnoliaceae,southern magnolia,0,low risk
1102,Majidea zanquebarica,Sapindaceae,black pearl tree,-3,low risk
1103,Malpighia glabra,Malpighiaceae,wild crapemyrtle,-5,low risk
1105,Malvaviscus penduliflorus,Malvaceae,Turk's cap,-9,low risk
1107,Mammea americana,Clusiaceae,mammy-apple,-1,low risk
1108,Mandevilla x amabilis,Apocynaceae,pink allamanda hybrid,-11,low risk
1109,Mandevilla boliviensis,Apocynaceae,white mandevilla,1,evaluate
1110,Mandevilla sanderi,Apocynaceae,Shrub displadenia,-2,low risk
1112,Mangifera indica,Anacardiaceae,mango,1,low risk*
1113,Manicaria saccifera,Arecaceae,royal palm,-1,low risk
1114,Manihot esculenta,Euphorbiaceae,cassava,3,low risk*
1115,Manihot glaziovii,Euphorbiaceae,Ceará rubber tree,8,high risk
1116,Manilkara zapota,Sapotaceae,sapote,9,high risk
1118,Mansoa alliaceum,Bignoniaceae,garlic vine,0,low risk
1119,Mansoa hymenaea,Bignoniaceae,membranous garlic vine,0,low risk
1123,Matisia cordata,Malvaceae,sapote,-6,low risk
1124,Maurandella antirrhiniflora,Plantaginaceae,twining foxglove,5,evaluate
1126,Medinilla cumingii,Melastomataceae,chandelier tree,6,evaluate
1127,Medinilla heterophylla,Melastomataceae,,9,high risk
1128,Medinilla magnifica,Melastomataceae,Malaysian orchid,8,high risk
1129,Medinilla scortechinii,Melastomataceae,medinilla,5,evaluate
1131,Megaskepasma erythrochlamys,Acanthaceae,red cloak,6,high risk*
1132,Melaleuca bracteata,Myrtaceae,river tea-tree,10,high risk
1133,Melaleuca diosmifolia,Myrtaceae,green honey-myrtle,14,high risk
1134,Melaleuca incana var. protrata,Myrtaceae,prostrate gray honey myrtle,0,low risk
1135,Melaleuca leucadendra,Myrtaceae,braodleaved paperback,-1,low risk
1136,Melaleuca nesophila,Myrtaceae,mauve honey-myrtle,8,high risk
1137,Melaleuca quinquenervia,Myrtaceae,paper bark tree,15,high risk
1139,Melaleuca styphelioides,Myrtaceae,prickly-leaf teatree,-2,low risk
1140,Melastoma candidum,Melastomataceae,Indian rhododendron,13,high risk
1141,Melastoma sanguineum,Melastomataceae,red melastome,11,high risk
1142,Melia azedarach,Meliaceae,Chinaberry,14,high risk
1143,Melica transsilvanica,Poaceae,red spire,7,high risk
1144,Melicoccus bijugatus,Sapindaceae,Spanish lime,4,evaluate
1145,Melicope elleryana,Rutaceae,Saruwa,4,evaluate
1147,Melinis minutiflora,Poaceae,molasses grass,18,high risk
1148,Melinis nerviglumis,Poaceae,pink chrystals,7,high risk
1150,Melochia umbellata,Sterculiaceae,melochia,7,high risk
1151,Merremia peltata,Convolvulaceae,merremia,18,high risk
1153,Merremia tuberosa,Convolvulaceae,wood rose,12,high risk
1154,Mesua ferrea,Calophyllaceae,Ceylon iron wood,-1,low risk
1155,Metrosideros collina,Myrtaceae,vunga,3,evaluate
1156,Metrosideros excelsa,Myrtaceae,New Zealand christmas tree,6.5,high risk
1157,Metrosideros kermadecensis,Myrtaceae,Kermadec pohutukawa,3,evaluate
1158,Metroxylon amicarum,Arecaceae,Caroline ivory nut palm,0,low risk
1159,Michelia x alba,Magnoliaceae,white champaca,-6,low risk
1160,Michelia champaca,Magnoliaceae,orange champaca,-5,low risk
1161,Michelia figo,Magnoliaceae,banana shrub,-5,low risk
1162,Miconia calvescens,Melastomataceae,miconia,14,high risk
1163,Microsorum musifolium,Polypodiaceae,crocodile fern,5,low risk*
1164,Mikania micrantha,Asteraeae,mile-a-minute weed,25,high risk
1166,Mimosa diplotricha,Fabaceae,giant sensitive plant,24,high risk
1168,Mimosa pigra,Fabaceae,catclaw mimosa,25,high risk
1172,Mimosa tenuiflora,Fabaceae,jurema,7,high risk
1173,Mimusops caffra,Sapotaceae,coastal red milkwood,2,evaluate
1174,Minquartia guianensis,Olacaceae,black manwood,-1,low risk
1175,Mirabilis jalapa,Nyctaginaceae,marvel of Peru,15,high risk
1176,Miscanthus floridulus,Poaceae,giant miscanthus,18,high risk**
1180,Mitragyna speciosa,Rubiaceae,kratom,0,low risk
1182,Momordica charantia,Cucurbitaceae,bitter melon,13,high risk
1184,Monodora junodii,Annonaceae,green apple,-5,low risk
1185,Monstera deliciosa,Araceae,swiss-cheese plant,1,low risk*
1186,Montanoa hibiscifolia,Asteraceae,tree daisy,13,high risk
1187,Morella cerifera,Myricaceae,wax myrtle,20,high risk
1188,Morella faya,Myricaceae,fayatree,17,high risk
1189,Morinda citrifolia,Rubiaceae,noni,10,high risk**
1190,Moringa oleifera,Moringaceae,horseradish tree,1,low risk*
1191,Mucuna bennettii,Fabaceae,New Guinea creeper,2,low risk*
1192,Mucuna bracteata,Fabaceae,,6,evaluate
1193,Mucuna pruriens,Fabaceae,cow itch,7,high risk
1194,Muehlenbeckia platyclada,Polygonaceae,centipede plant,6,evaluate
1195,Muhlenbergia capillaris,Poaceae,hairawn muhly,5,evaluate
1196,Muhlenbergia rigens,Poaceae,deer grass,7,high risk
1197,Muntingia calabura,Flacourtiaceae,Jamaican cherry,12,high risk
1198,Murraya paniculata,Rutaceae,orange jessamine,6,evaluate
1200,Musa acuminata,Musaceae,Cavendish banana,-11,low risk
1201,Musa balbisiana,Musaceae,Japanese fiber banana,-2,low risk
1204,Mussaenda 'Dona Aurora',Rubiaceae,Mussaenda 'Dona Aurora',-9,low risk
1205,Mussaenda 'Dona Luz',Rubiaceae,Mussaenda 'Dona Luz',-5,low risk
1206,Mussaenda 'Dona Trining',Rubiaceae,Mussaenda 'Dona Trining',-1,low risk
1207,Mussaenda erythrophylla,Rubiaceae,red mussaenda,0,low risk
1208,Mussaenda frondosa,Rubiaceae,flag bush,-4,low risk
1209,Mussaenda philippica,Rubiaceae,white mussaenda,-3,low risk
1210,Myoporum laetum,Myoporaceae,ngaio,6,evaluate
1212,Myrcianthes fragrans,Myrtaceae,Simpson stopper,0,low risk
1213,Myrciaria cauliflora,Myrtaceae,jaboticaba,-2,low risk
1215,Myriophyllum aquaticum,Haloragaceae,Brazilian water milfoil,22,high risk
1217,Myristica fragrans,Myristicaceae,nutmeg tree,-1,low risk
1218,Myroxylon balsamum,Fabaceae,balsam of Tolu,7,high risk
1219,Myristica fragrans,Myristicaceae,nutmeg tree,-1,low risk
1221,Nandina domestica,Berberidaceae,nandina,9,high risk
1224,Nassella tenuissima,Poaceae,Mexican feather grass,24,high risk
1225,Nastus elatus,Poaceae,New Guinea edible bamboo,2,low risk*
1226,Neoharmsia baronii,Fabaceae,manangona,-4,low risk
1228,Neonotonia wightii,Fabaceae,glycine,7,high risk
1229,Nephelium lappaceum,Sapindaceae,rambutan,-5,low risk
1230,Nephrolepis biserrata,Dryopteridaceae,giant sword fern,13,high risk**
1232,Nerium oleander,Apocynaceae,oleander,6,evaluate
1234,Nicotiana glauca,Solanaceae,tree tobacco,15,high risk
1235,Nicotiana tabacum,Solanaceae,tobacco,9,high risk
1236,Nolina recurvata,Agavaceae,ponytail palm,-4,low risk
1237,Nopalea cochenillifera,Cactaceae,Cochineal cactus,7,high risk
1238,Norantea guianensis,Marcgraviaceae,red hot poker vine,7,high risk
1239,Normanbaya normanbyi,Arecaceae,black palm,-1,low risk
1240,Noronhia emarginata,Oleaceae,Madagascar olive,5,low risk
1241,Nymphaea capensis,Nymphaeaceae,Cape water-lily,12,high risk
1242,Nypa fruticans,Arecaceae,nipa palm,9,high risk
1243,Ochna integerrima,Ochnaceae,Vietnamese Mickey Mouse plant,1,evaluate
1244,Ochna serrulata,Ochnaceae,Mickey Mouse plant,11,high risk
1245,Ochna thomasiana,Ochnaceae,Mickey Mouse bush,8,high risk
1246,Ochroma pyramidale,Malvaceae,balsa,8,high risk
1247,Ochrosia elliptica,Apocynaceae,elliptic yellowwood,2,evaluate
1249,Odontonema cuspidatum,Acanthaceae,fire spike,7,high risk
1250,Odontonema tubaeforme,Acanthaceae,fire spike,11,high risk
1251,Oenocarpus bataua,Arecaceae,bataua palm,2,evaluate
1253,Olea europaea ssp. cuspidata,Oleaceae,wild olive,11,high risk
1254,Olea europaea ssp. europaea,Oleaceae,olive,5,evaluate
1255,Oncosperma tigillarium,Arecaceae,nibong,8,high risk
1258,Ophiopogon japonicus,Liliaceae,mondo grass,3,low risk*
1260,Opuntia fulgida,Cactaceae,jumping cholla,16,high risk
1264,Ormosia monosperma,Fabaceae,necklace tree,1,evaluate
1266,Osa pulchra,Rubiaceae,osa,-3,low risk
1267,Osmoxylon lineare,Araliaceae,osmoxylon,3,evaluate
1268,Osteospermum fruticosum,Asteraceae,trailing African daisy,3,low risk*
1269,Otacanthus caeruleus,Scrophulariaceae,Brazilian snapdragon,-4,low risk
1270,Otatea aztecorum,Poaceae,Mexican weeping bamboo,4,low risk*
1271,Oxalis barrelieri,Oxalidaceae,lavender sorrel,13,high risk
1272,Oxera pulchella,Verbenaceae,royal vine,-1,low risk
1273,Pachira aquatica,Bombaceae,Malabar chestnut,-6,low risk
1274,Pachypodium lamerei,Apocynaceae,Madagascar palm,1,low risk*
1275,Pachystachys lutea,Acanthaceae,yellow shrimp plant,-4,low risk
1277,Paederia foetida,Rubiaceae,maile pilau,21,high risk
1279,Pandanus pygmaeus,Pandanaceae,small screwpine,0,low risk
1280,Pandorea jasminoides,Bignoniaceae,jasmin pandorea,0,low risk
1281,Panicum maximum,Poaceae,Guinea grass,17,high risk
1285,Panicum virgatum,Poaceae,switchgrass,11,high risk
1287,Pararchidendron pruinosum,Fabaceae,snowwood,1,evaluate
1288,Paraserianthes lophantha,Fabaceae,mountain albizia,10.5,high risk
1289,Parkia speciosa,Fabaceae,petai,1,evaluate
1291,Parkinsonia aculeata,Fabaceae,parkinsonia,20,high risk
1293,Parmentiera aculeata,Bignoniaceae,cucumber tree,9,high risk
1294,Parmentiera cereifera,Bignoniaceae,candle tree,-1,low risk
1296,Paspalum conjugatum,Poaceae,T grass,28,high risk
1298,Paspalum dilatatum,Poaceae,dallis grass,12,high risk
1299,Paspalum notatum,Poaceae,Bahia grass,16,high risk
1302,Paspalum vaginatum,Poaceae,seashore paspalum,7,high risk
1305,Passiflora edulis,Passifloraceae,purple granadilla,6,low risk*
1306,Passiflora foetida,Passifloraceae,stinking passionflower,26,high risk
1308,Passiflora mexicana,Passifloraceae,Mexican passiflora,4,evaluate
1309,Passiflora quadrangularis,Passifloraceae,giant granadilla,11,high risk
1310,Passiflora rubra,Passifloraceae,red passionfruit,9,high risk
1311,Passiflora suberosa,Passifloraceae,corky passionflower,12,high risk
1312,Passiflora tarminiana,Passifloraceae,banana poka,24,high risk
1313,Passiflora vitifolia,Passifloraceae,crimson passion flower,11,high risk
1314,Paulownia elongata,Scrophulariaceae,paulownia,-1,low risk
1315,Paulownia fortunei,Scrophulariaceae,empress diamond,1,low risk*
1316,Paulownia kawakamii,Scrophulariaceae,kawakami paulownia,-,low risk
1318,Paulownia tomentosa,Scrophulariaceae,paulownia,9,high risk
1320,Pedilanthus tithymaloides,Euphorbiaceae,milkbush,7,high risk
1321,Pelargonium peltatum,Geraniaceae,ivyleaf geranium,0,low risk
1322,Pellionia repens,Urticaceae,trailing watermelon begonia,-2,low risk
1323,Peltogyne purpurea,Fabaceae,purpleheart,-2,low risk
1324,Peltophorum pterocarpum,Fabaceae,yellow flame tree,-4,low risk
1326,Pennisetum clandestinum,Poaceae,kikuyu grass,18,high risk
1327,Pennisetum glaucum,Poaceae,pearl millet,12,high risk
1328,Pennisetum glaucum var. 'purple majesty',Poaceae,ornamental pearl millet,3,low risk*
1330,Pennisetum petiolare,Poaceae,petioled fountaingrass,7,high risk
1333,Pennisetum purpureum,Poaceae,elephant grass,16,high risk
1336,Pennisetum setaceum,Poaceae,fountain grass,26,high risk
1338,Pennisetum villosum,Poaceae,feathertop,24,high risk
1339,Pentalinon luteum,Apocynaceae,wild allamanda,9,high risk
1340,Pentas lanceolata,Rubiaceae,Egyptian star cluster,5,evaluate
1341,Peperomia obtusifolia,Piperaceae,baby rubberplant,-4,low risk
1342,Pereskia aculeata,Cactaceae,Barbados gooseberry,13,high risk
1343,Pereskia bleo,Cactaceae,wax rose,0,low risk
1344,Pereskia grandifolia,Cactaceae,rose cactus,0,low risk
1345,Pereskia lychnidiflora,Cactaceae,arbol del matrimonio,-1,low risk
1346,Persea americana,Lauraceae,avocado,3,low risk*
1347,Persicaria capitata,Polygonaceae,pink knotweed,13,high risk
1348,Persicaria chinensis,Polygonaceae,Chinese knotweed,14,high risk
1350,Persicaria tectoria,Polygonaceae,Chinese indigo,4,low risk*
1351,Petrea volubilis,Verbenaceae,sandpaper vine,-1,low risk
1352,Petroselinum crispum,Apiaceae,parsley,-1,low risk
1353,Phacelia tanacetifolia,Boraginaceae,phacelia,5,evaluate
1354,Philadelphus karwinskyanus,Hydrangeaceae,evergreen mock orange,7,high risk
1355,Philodendron scandens,Araceae,heart-leaf philodendron,-3,low risk
1357,Phoenix canariensis,Arecaceae,Canary Island palm,17,high risk
1358,Phoenix dactylifera,Arecaceae,date palm,10,high risk
1360,Phoenix roebelenii,Arecaceae,pygmy date palm,-5,low risk
1362,Phormium tenax,Agavaceae,New Zealand flax,8,high risk
1363,Photinia davidiana,Rosaceae,photinia,-2,low risk
1364,Phyla nodiflora,Verbenaceae,matchweed,5,high risk*
1365,Phyllanthus acidus,Euphorbiaceae,gooseberry-tree,4,low risk*
1366,Phyllanthus reticulatus,Euphorbiaceae,potato bush,12,high risk
1369,Phyllostachys aurea,Poaceae,golden bamboo,9,high risk
1370,Phyllostachys nigra,Poaceae,black bamboo,12,high risk
1371,Phymatosorus scolopendria,Polypodiaceae,monarch fern,6,evaluate**
1372,Phytolacca dioica,Phytolaccaeae,ombu,9,high risk
1373,Picea engelmannii,Pinaceae,Engelmann spruce,-0.5,low risk
1374,Picea pungens,Pinaceae,Colorado blue spruce,1,evaluate
1375,Pilea cadierei,Urticaceae,aluminum plant,-5,low risk
1376,Pilea hyalina,Urticaceae,virdrillo,8,high risk
1377,Pilea microphylla,Urticaceae,artillery plant,6,evaluate
1378,Pilea nummulariifolia,Urticaceae,creeping Charlie,0,low risk
1380,Pimenta dioica,Myrtaceae,pimento,7,high risk
1381,Pimenta racemosa,Myrtaceae,bay tree,7,high risk
1382,Pinanga coronata,Arecaceae,ivory cane palm,2,evaluate
1384,Pinus elliottii,Pinaceae,slash pine,2,evaluate
1385,Pinus nigra,Pinaceae,black pine,7,high risk
1386,Pinus radiata,Pinaceae,Monterey pine,5,evaluate
1387,Pinus strobus,Pinaceae,white pine,9,high risk
1388,Pinus taeda,Pinaceae,loblolly pine,7,high risk
1389,Pinus thunbergii,Pinaceae,Japanese black pine,8,high risk
1390,Piper aduncum,Piperaceae,spiked pepper,18,high risk
1391,Piper auritum,Piperaceae,eared pepper,10,high risk
1392,Piper methysticum,Piperaceae,kava,-4,low risk*
1393,Piptatherum miliaceum,Poaceae,rice millet,7,high risk
1397,Pithecellobium dulce,Fabaceae,Madras thorn,14,high risk
1398,Pittosporum resiniferum,Pittosporaceae,petroleum nut,6,evaluate
1400,Pittosporum tobira,Pittosporaceae,Japanese cheesewood,3.5,evaluate
1401,Pittosporum undulatum,Pittosporaceae,Victorian box,10,high risk
1402,Pittosporum viridiflorum,Pittosporaceae,cape cheesewood,7,high risk
1404,Platycladus orientalis,Cupressaceae,oriental arborvitae,-6,low risk
1405,Plectranthus neochilus,Lamiaceae,spur flower,7,high risk
1406,Plectranthus prostratus,Lamiaceae,pillow plant,5,low risk*
1407,Pleiostachya pruinosa,Marantaceae,prayer plant,2,low risk*
1408,Plinia edulis,Myrtaceae,Cambucá,-3,low risk
1409,Pluchea carolinensis,Asteraceae,sourbush,15,high risk
1410,Pluchea indica,Asteraceae,Indian fleabane,11,high risk
1411,Plumbago auriculata,Plumbaginaceae,cape leadwort,6,low risk*
1412,Plumeria obtusa,Apocynaceae,evergreen frangipani,-6,low risk
1413,Plumeria pudica,Apocynaceae,fiddle-leaf plumeria,-4,low risk
1414,Plumeria rubra,Apocynaceae,frangipani,-5,low risk
1416,Poa pratensis,Poaceae,Kentucky bluegrass,14,high risk
1418,Podocarpus chinensis,Podocarpaceae,maki,-4,low risk
1419,Podocarpus elatus,Podocarpaceae,plum pine,-2,low risk
1420,Podocarpus gracilior,Podocarpaceae,African fern pine,0,low risk
1421,Podocarpus henkelii,Podocarpaceae,Henkel's yellow wood,2,evaluate
1422,Podocarpus macrophyllus,Podocarpaceae,Japanese yes,-3,low risk
1423,Podranea ricasoliana,Bignoniaceae,pink trumpet vine,7,high risk
1424,Polyalthia longifolia var. pendula,Annonaceae,mast tree,-4,low risk
1426,Polypogon monspeliensis,Poaceae,rabbitfoot grass,18,high risk
1427,Polyscias cumingiana,Araliaceae,fern-leaf aralia,3,evaluate
1428,Polyscias fruticosa,Arailiaceae,Ming Aralia,-1,low risk
1429,Polyscias guilfoylei,Arailiaceae,coffeetree,0,low risk
1430,Polyscias nodosa,Arailiaceae,dog-bone tree,0,low risk
1431,Pongamia pinnata,Fabaceae,Indian beech,7,high risk**
1432,Poranopsis paniculata,Convolvulaceae,bridal bouquet,-5,low risk
1433,Portlandia grandiflora,Rubiaceae,bellflower,-4,low risk
1434,Portulaca grandiflora,Portulacaceae,moss-rose,9,high risk
1436,Portulacaria afra,Didiereaceae,Dwarf Jade Plant,5,evaluate
1437,Posoqueria latifolia,Rubiaceae,monkey apple,-2,low risk
1438,Potentilla verna,Rosaceae,spring cinquefoil,-2,low risk
1439,Pouteria caimito,Sapotaceae,caimito,-4,low risk
1440,Pouteria campechiana,Sapotaceae,yellow sapote,-3,low risk
1441,Pouteria lucuma,Sapotaceae,lucmo,-1,low risk
1442,Pouteria sapota,Sapotaceae,mamey sapote,-3,low risk
1444,Praxelis clematidea,Asteraceae,praxelis,25,high risk
1445,Premna odorata,Verbenaceae,alagau,-1,low risk
1446,Pritchardia pacifica,Arecaceae,Fiji fan palm,-4,low risk
1447,Pritchardia thurstonii,Arecaceae,Thurston's fan palm,-4,low risk
1448,Prosopis glandulosa,Fabaceae,honey mesquite,19,high risk
1449,Prosopis juliflora,Fabaceae,thorny kiawe,19,high risk
1452,Prunus cerasifera,Rosaceae,cherry plum,8,high risk
1453,Prunus grisea,Rosaceae,amongyang,2,evaluate
1454,Pseuderanthemum carruthersii,Acanthaceae,false eranthemum,1,low risk*
1455,Pseuderanthemum graciliflorum,Acanthaceae,blue crossandra,1,low risk*
1456,Pseudobombax ellipticum,Bombacaceae,shavingbrush tree,-2,low risk
1458,Pseudogynoxys chenopodioides,Asteraceae,Mexican flame vine,7,high risk
1459,Pseudomussaenda flava,Rubiaceae,dwarf yellow mussaenda,-6,low risk
1460,Pseudosamanea guachapele,Fabaceae,chime tree,0,low risk
1461,Pseudotsuga menziesii,Pinace,Douglas-fir,5.5,evaluate
1462,Psidium cattleianum,Myrtaceae,strawberry guava,18,high risk
1463,Psidium guajava,Myrtaceae,guava,21,high risk
1464,Psidium guineense,Myrtaceae,Guinea guava,7,high risk
1465,Psychotria carthagenensis,Rubiaceae,cafecillo,2,high risk*
1467,Psychotria viridis,Rubiaceae,chacruna,0,low risk
1469,Pterocarpus dalbergioides,Fabaceae,Andaman redwood,-3,low risk
1470,Pterocarpus indicus,Fabaceae,Burmese rosewood,4,evaluate
1471,Pterocarpus rohrii,Fabaceae,bloodwood,0,low risk
1472,Pterolepis glomerata,Melastomataceae,false meadow beauty,11,high risk
1473,Ptychosperma elegans,Arecaceae,Alexander palm,2,evaluate
1474,Ptychosperma macarthurii,Arecaceae,Macarthur palm,1,high risk*
1478,Pueraria montana var. lobata,Fabaceae,kudzu,24,high risk
1480,Pueraria phaseoloides,Fabaceae,tropical kudzu,17,high risk
1482,Punica granatum,Punicaceae,pomegranate,3.5,low risk*
1484,Pyracantha angustifolia,Rosaceae,firethorn,13,high risk
1485,Pyracantha crenatoserrata,Rosaceae,firethorn,5,high risk*
1486,Pyracantha koidzumii,Rosaceae,Fomosa firethorn,7,high risk
1488,Pyrostegia venusta,Bignoniaceae,flame vine,7,high risk
1489,Pyrrosia piloselloides,Polypodiaceae,dragons scale fern,6,high risk
1492,Raphia farinifera,Arecaceae,raffia palm,5,evaluate
1493,Rapistrum rugosum,Brassicaceae,bastard cabbage,5,evaluate
1494,Rauvolfia vomitoria,Apocynaceae,poison devil's pepper,21,high risk
1495,Ravenala madagascariensis,Strelitziaceae,traveler's palm,5,evaluate
1496,Ravenea rivularis,Arecaceae,majesty palm,-3,low risk
1497,Reinhardtia gracilis,Arecaceae,window pane palm,4,high risk*
1499,Rhaphiolepis indica,Rosaceae,Indian hawthorn,3,low risk*
1500,Rhaphiolepis umbellata,Rosaceae,Japanese hawthorn,0,evaluate*
1501,Rhapis excelsa,Arecaceae,lady palm,0,low risk
1502,Rhipsalis baccifera,Cactaceae,mistletoe cactus,0,low risk
1503,Rhizophora mangle,Rhizophoraceae,red mangrove,13,high risk
1504,Rhododendron indicum,Ericaceae,evergreen azalea,4,evaluate
1506,Rhodomyrtus tomentosa,Myrtaceae,rose myrtle,8,high risk
1507,Rhus taitensis,Anacardiaceae,sumac,7,high risk**
1511,Ricinus communis,Euphorbiaceae,castor bean,21,high risk
1514,Rivina humilis,Phytolaccaceae,pigeonberry,11,high risk
1516,Roldana petasitis,Asteraceae,velvet groundsel,12,high risk
1517,Rondeletia amoena,Rubiaceae,rondeletia,-2,low risk
1519,Rondeletia odorata,Rubiaceae,rondeletia,-4,low risk
1520,Rosa laevigata,Rosaceae,Cherokee rose,16,high risk
1521,Rosa multiflora,Rosaceae,multiflora rose,12,high risk
1522,Rosenbergiodendron formosum,Rubiaceae,blackberry jam fruit,1,high risk*
1525,Roystonia oleracea,Arecaceae,cabbage palm,-3,low risk
1526,Roystonea regia,Arecaceae,Florida royal palm,0,low risk
1528,Rubus argutus,Rosaceae,prickly Florida blackberry,21.5,high risk
1529,Rubus discolor,Rosaceae,Himalayan blackberry,24,high risk
1530,Rubus ellipticus,Rosaceae,yellow Himalayan blackberry,18,high risk
1531,Rubus loganobaccus,Rosaceae,boysenberry,11,high risk
1532,Rubus 'Marion',Rosaceae,Marionberry,4,evaluate
1533,Rubus 'Natchez',Rosaceae,Rubus 'Natchez',7,high risk
1534,Rubus niveus,Rosaceae,Ceylon raspberry,19,high risk
1535,Rubus rosifolius,Rosaceae,thimbleberry,10,high risk
1536,Rubus sieboldii,Rosaceae,Molucca raspberry,10,high risk
1537,Rubus 'Triple Crown',Rosaceae,Triple Crown,3,evaluate
1538,Ruellia caroliniensis,Acanthaceae,Carolina wild petunia,1,low risk*
1540,Ruellia squarrosa,Acanthaceae,water bluebell,7,high risk
1541,Ruellia tuberosa,Acanthaceae,minnieroot,8,high risk
1548,Russelia equisetiformis,Scrophulariaceae,coralplant,-2,low risk
1549,Ruttya fruticosa,Acanthaceae,rabbit ears,1,evaluate
1550,Sabal mauritiiformis,Arecaceae,savannah palm,-2,low risk
1553,Saccharum officinarum,Poaceae,sugar cane,-2,low risk
1557,Saccharum spontaneum,Poaceae,wild sugarcane,17,high risk
1559,Salicornia virginica,Chenopodiaceae,Virginia pickleweed,4,low risk*
1560,Salix babylonica,Salicaceae,weeping willow,9,high risk
1561,Salsoli kali,Chenopodiaceae,tumbleweed,18.5,high risk
1562,Salvia hispanica,Lamiaceae,chia,-1,low risk
1565,Salvinia molesta,Salviniaceae,salvinia,29,high risk
1566,Samanea saman,Fabaceae,monkeypod,4,low risk*
1567,Sambucus mexicana,Caprifoliaceae,Mexican elderberry,9,high risk
1568,Sanchezia speciosa,Acanthaceae,sanchezia,3,low risk*
1570,Sandoricum koetjape,Meliaceae,red santol,1,evaluate
1571,Sansevieria trifasciata,Agavaceae,monther-in-law's tongue,9,high risk
1572,Santalum album,Santalaceae,Indian sandal wood,-3,low risk
1573,Saraca asoca,Fabaceae,asoka tree,0,low risk
1574,Saraca declinata,Fabaceae,red saraca,-3,low risk
1575,Saraca indica,Fabaceae,Ashoka tree,-7,low risk
1576,Saraca thaipingensis,Fabaceae,yellow saraca,2,low risk
1577,Saritaea magnifica,Bignoniaceae,glowvine,1,evaluate
1578,Satakentia liukiuensis,Arecaceae,satake palm,-2,low risk
1579,Sauropus androgynus,Euphorbiaceae,star gooseberry,4,evaluate
1580,Saxifraga sarmentosa,Saxifragaceae,strawberry saxifrage,3,low risk*
1582,Scadoxus multiflorus,Amaryllidaceae,blood lily,-1,low risk
1583,Scaevola aemula,Goodeniaceae,common fanflower,-6,low risk
1585,Schefflera actinophylla,Araliaceae,octopus tree,13,high risk
1587,Schefflera arboricola,Araliaceae,dwarf schefflera,3,evaluate
1588,Schefflera elegantissima,Araliaceae,false aralia,0,low risk
1589,Schefflera heptaphylla,Araliaceae,ivy tree,4,evaluate
1590,Schefflera taiwaniana,Araliaceae,umbrella plant,1,evaluate
1591,Schinus molle,Anacardiaceae,pepper tree,10,high risk
1592,Schinus terebinthifolius,Anacardiaceae,Brazilian pepper,19,high risk
1594,Schizachyrium condensatum,Poaceae,bush beardgrass,13,high risk
1595,Schizostachyum brachycladum,Poaceae,sacred Bali bamboo,-1,low risk
1596,Schizostachyum glaucifolium,Poaceae,Hawaiian bamboo,0,low risk
1597,Schleichera oleosa,Sapindaceae,Ceylon oak,1,evaluate
1598,Schleinitzia insularum,Fabaceae,chotha-hao,-1,low risk**
1599,Schotia brachypetala,Fabaceae,elephant hedge bean tree,0,low risk
1603,Searsia lancea,Anacardiaceae,willow rhus,8,high risk
1604,Sechium edule,Cucurbitaceae,vegetable pear,7,high risk
1605,Sedum pachypyllum,Crassulaceae,jelly beans,3,evaluate
1606,Semecarpus anacardium,Anacardiaceae,marking nut tree,5,evaluate
1607,Senecio cineraria,Asteraceae,dusty miller,2,low risk*
1609,Senecio madagascariensis,Asteraceae,fireweed,23,high risk
1610,Senecio mandraliscae,Asteraceae,blue finger,-3,low risk
1612,Senna alata,Fabaceae,candle bush,10,high risk
1613,Senna artemisioides,Fabaceae,silver senna,9,high risk
1614,Senna bicapsularis,Fabaceae,Christmasbush,8,high risk
1615,Senna multijuga,Fabaceae,leafy cassia,7,high risk
1617,Senna obtusifolia,Fabaceae,sicklepod,20,high risk
1618,Senna siamea,Fabaceae,cassod tree,5,low risk*
1619,Senna spectabilis,Fabaceae,spectacular cassia,11,high risk
1620,Senna surattensis,Fabaceae,kolomona,0,evaluate
1622,Sequoia sempervirens,Cupressaceae,California redwood,-4,low risk
1623,Serianthes kanehirae,Fabaceae,ukall,-5,low risk
1625,Serissa japonica,Rubiaceae,serissa,-10,low risk
1627,Sesbania grandiflora,Fabaceae,scarlet wisteria tree,2,low risk*
1628,Sesbania punicea,Fabaceae,rattlebox,9.5,high risk
1629,Sesbania sesban,Fabaceae,Egyptian riverhemp,11,high risk
1631,Setaria italica,Poaceae,foxtail millet,9,high risk
1634,Setaria sphacelata,Poaceae,African bristle grass,19,high risk
1640,Sideroxylon persimile,Sapotaceae,bastard cherry,8,high risk
1641,Sigesbeckia orientalis,Asteraceae,small yellow crownbeard,13,high risk
1642,Silene armeria,Caryophyllaceae ,sweet William catchfly,7,high risk
1644,Silybum marianum,Asteraceae,milk thistle,17.5,high risk
1645,Simmondsia chinensis,Simmondsiaceae,jojoba,-3,low risk
1647,Sindora supa,Fabaceae,supa,5,evaluate
1651,Solandra maxima,Solanaceae,golden cup,3,evaluate
1652,Solanum aethiopicum,Solanaceae,Chinese scarlet eggplant,4,low risk*
1653,Solanum betaceum,Solanaceae,tree tomato,7,high risk
1654,Solanum capsicoides,Solanaceae,cockroach berry,15,high risk
1655,Solanum glaucophyllum,Solanaceae,waxy-leaf nightshade,10,high risk
1657,Solanum mauritianum,Solanaceae,bugtree,24,high risk
1658,Solanum melongena,Solanaceae,eggplant,1,low risk*
1659,Solanum muricatum,Solanaceae,melon pear,5,low risk*
1660,Solanum quitoense,Solanaceae,naranjilla,11,high risk
1661,Solanum seaforthianum,Solanaceae,Brazilian nightshade,9,high risk
1662,Solanum torvum,Solanaceae,turkeyberry,24,high risk
1666,Sophora tomentosa,Fabaceae,yellow necklacepod,-3,low risk
1668,Sorghum bicolor,Poaceae,grain sorghum,6,low risk*
1669,Sorghum bicolor ssp. drummondii,Poaceae,shattercane,17.5,high risk
1675,Soulamea amara,Simaroubaceae,bitter tree,-1,low risk
1676,Spartium junceum,Fabaceae,Spanish broom,12,high risk
1677,Spathiphyllum cannifolium,Araceae,spathe flower,-4,low risk
1678,Spathiphyllum wallisii,Araceae,peace lily,-4,low risk
1679,Spathodea campanulata,Bignoniaceae,African tulip tree,14,high risk
1680,Spathoglottis plicata,Orchidaceae,Philippine ground orchid,16,high risk
1681,Spathoglottis unguiculata,Orchidaceae,clawed spathoglottis,3,low risk*
1684,Sphagneticola trilobata,Asteraceae,Singapore daisy,13,high risk
1685,Sphagnum palustre,Sphagnaceae,peat moss,12.5,high risk
1686,Spiraea cantoniensis,Rosaceae,Reeve's spiraea,4,evaluate
1688,Spondias dulcis,Anacardiaceae,wi apple,-5,low risk
1689,Spondias mombin,Anacardiaceae,mombin,10,high risk
1690,Spondias purpurea,Anacardiaceae,purple mombin,5,evaluate
1692,Sporobolus pyramidatus,Poaceae,whorled dropseed,14,high risk
1694,Stachytarpheta mutabilis,Verbenaceae,coral porterweed,12,high risk
1695,Stapelia gigantea,Apocynaceae,giant toadplant,3,low risk*
1697,Stemmadenia litoralis,Apocynaceae,lecheso,-5,low risk
1698,Stenocarpus sinuatus,Proteaceae,wheel of fire,-4,low risk
1700,Stenotaphrum secundatum,Poaceae,St. Augustine grass,15,high risk
1701,Stepanotis floribunda,Apocynaceae,wedding flower,-4,low risk
1702,Sterculia apetala,Sterculiaceae,Panama tree,4,evaluate
1703,Sterculia foetica,Sterculiaceae,Java olive,3,low risk*
1704,Stigmaphyllon floribundum,Malpighiaceae,woolly Amazon vine,-6,low risk
1705,Strelitzia nicolai,Strelitziaceae,bird of paradise tree,-1,low risk
1706,Strelitzia reginae,Strelitziaceae,bird of paradise,-3,low risk
1707,Streptosolen jamesonii,Solanaceae,marmalade bush,2,low risk
1709,Strobilanthes dyeriana,Acanthaceae,Persian shield,7,high risk
1710,Strobilanthes glomerata,Acanthaceae,strobilanthes,4,evaluate
1711,Stromanthe macrochlamys,Marantaceae,stromanthe,0,low risk
1712,Stromanthe tonckat,Marantaceae,stromanthe,7,high risk
1713,Strongylodon macrobotrys,Fabaceae,jade vine,-9,low risk
1714,Strophanthus amboensis,Apocynaceae,elephant vine,2,evaluate
1715,Strophanthus gratus,Apocynaceae,climbing oleander,0,low risk
1716,Strophanthus preussii,Apocynaceae,climbing oleander,0,low risk
1719,Stylosanthes guianensis,Fabaceae,stylo,11,high risk
1720,Stylosanthes scabra,Fabaceae,shrubby stylo,1,low risk*
1721,Suriana maritima,Surianaceae,bay cedar,2,evaluate**
1722,Swietenia macrophylla,Meliaceae,large-leaf mahogany,4,evaluate
1723,Swietenia mahagoni,Meliaceae,West Indian mahogany,2,low risk*
1724,Syagrus romanzoffiana,Arecaceae,queen palm,-2,low risk
1725,Synadenium grantii,Euphorbiaceae,African milkbush,4,low risk*
1727,Syngonium auritum,Araceae,five-fingers,1,low risk*
1728,Syngonium podophyllum,Araceae,arrowhead plant,15,high risk
1729,Synsepalum dulcificum,Sapotaceae,miracle fruit,-3,low risk
1730,Syzygium australe,Myrtaceae,brush cherry,15,high risk
1731,Syzygium cumini,Myrtaceae,Java plum,9,high risk
1733,Syzygium jambos,Myrtaceae,Malabar-plum,20,high risk
1734,Syzygium malaccense,Myrtaceae,mountain apple,0,low risk
1735,Syzygium polyanthum,Myrtaceae,Indian bayleaf,7,high risk
1736,Tabebuia aurea,Bignoniaceae,silver trumpet tree,3,low risk*
1737,Tabebuia berteroi,Bignoniaceae,Hispaniolan rosy trumpet tree,-4,low risk
1738,Tabebuia donnell-smithii,Bignoniaceae,gold tree,-4,low risk
1739,Tabebuia heterophylla,Bignoniaceae,pink trumpet tree,1,low risk*
1740,Tabebuia impetiginosa,Bignoniaceae,mauve tabebuia,-2,low risk
1741,Tabebuia ochracea,Bignoniaceae,golden trumpet tree,-3,low risk
1742,Tabebuia pallida,Bignoniaceae,Cuban pink trumpet-tree,11,high risk
1743,Tabebuia rosea,Bignoniaceae,rosy trumpet tree,3,evaluate
1744,Tabernaemontana divaricata,Apocynaceae,crepe jasmine,-1,low risk
1745,Tabernaemontana elegans,Apocynaceae,warty toad tree,-1,low risk
1747,Tacca chantrieri,Taccaceae,batflower,5,evaluate
1748,Tacca leontopetaloides,Taccaceae,Polynesian arrowroot,0,low risk
1749,Tagetes minuta,Asteraceae,Aztec marigold,20,high risk
1750,Talinum paniculatum,Portulacaceae,jewels of Opar,16,high risk
1751,Talipariti elatum,Malvaceae,blue mahoe,5,low risk*
1752,Talipariti macrophyllum,Malvaceae,largeleaf rosemallow,3,evaluate
1753,Talisia esculenta,Sapindaceae,pitomba,-1,low risk
1754,Tamarindus indica,Fabaceae,tamarind,-3,low risk
1755,Tamarix aphylla,Tamaricaceae,Athel tamarisk,13,high risk
1756,Tamarix gallica,Tamaricaceae,saltcedar,8.5,high risk
1757,Tamarix parviflora,Tamaricaceae,small flower tamarisk,8,high risk
1758,Tapeinochilos ananassae,Costaceae,pineapple ginger,-5,low risk
1759,Tarlmounia elliptica,Asteraceae,kheua sa lot,6,evaluate
1760,Tecoma alata,Bignoniaceae,cahuato,-3,low risk
1761,Tecoma capensis,Bignoniaceae,cape honeysuckle,6,evaluate
1763,Tecoma stans,Bignoniaceae,yellow bells,8,high risk
1764,Tecomanthe dendrophila,Bignoniaceae,forest bell creeper,-1,low risk
1766,Tectona grandis,Verbenaceae,teak,-5,low risk
1767,Telopea speciosissima,Proteaceae,New South Wales waratah,-8,low risk
1768,Telosma cordata,Apocynaceae,Chinese violet,-4,low risk
1770,Tephrosia candida,Fabaceae,white hoarypea,8,high risk
1771,Tephrosia purpurea,Fabaceae,pila,7,high risk**
1772,Terminalia catappa,Combretaceae,tropical almond,4,low risk*
1773,Terminalia ivorensis,Combretaceae,black afara,8,high risk
1774,Terminalia mantaly,Combretaceae,Madagascar almond,3,low risk*
1775,Terminalia melanocarpa,Combretaceae,beach almond,-1,low risk
1776,Terminalia myriocarpa,Combretaceae,East Indian almond,-2,low risk
1778,Tetragonia tetragonoides,Aizoaceae,New Zealand spinach,7,high risk
1779,Tetrapanax papyrifer,Araliaceae,rice-paper-plant,5,evaluate
1781,Tetrastigma leucostaphylum,Vitaceae,,2,evaluate
1782,Tetrastigma pubinerve,Vitaceae,tetrastigma,8,high risk
1783,Tetrastigma voinierianum,Vitaceae,lizard plant,8,high risk
1784,Tetrazygia bicolor,Melastomataceae,Florida clover ash,7,high risk
1787,Theobroma cacao,Sterculiaceae,cocoa,-5,low risk
1788,Thespesia grandiflora,Malvaceae,maga,-4,low risk
1789,Thespesia populnea,Malvaceae,milo,9,high risk**
1791,Thevetia peruviana,Apocynaceae,yellow oleander,9,high risk
1792,Thevetia thevetioides,Apocynaceae,giant Thevetia,1,low risk*
1793,Tlaspi arvense,Brassicaceae,pennycress,19,high risk
1794,Thrinax parviflora,Arecaceae,thatch palm,-6,low risk
1795,Thrinax radiata,Arecaceae,Florida thatch palm,-2,low risk
1796,Thunbergia alata,Acanthaceae,black-eyed-susan vine,14,high risk
1797,Thunbergia erecta,Acanthaceae,bush thunbergia,-2,low risk
1798,Thunbergia fragrans,Acanthaceae,white lady,9,high risk
1800,Thunbergia grandiflora,Acanthaceae,blue trumpet vine,11,high risk
1801,Thunbergia laurifolia,Acanthaceae,blue trumpet vine,11,high risk
1802,Thunbergia mysorensis,Acanthaceae,mysore clock vine,-6,low risk
1803,Thuja x 'Green Giant',Cupressaceae,green giant,-14,low risk
1804,Thymus vulgaris,Lamiaceae,thyme,4,low risk*
1805,Tibouchina granulosa,Melastomataceae,purple glorybush,8,high risk
1806,Tibouchina herbacea,Melastomataceae,cane tibouchina,24,high risk
1807,Tibouchina longifolia,Melastomataceae,long leaf glory tree,3,evaluate
1808,Tibouchina multiflora,Melastomataceae,today-tomorrow tibouchina,-4,low risk
1809,Tibouchina urvilleana,Melastomataceae,glory bush,10,high risk
1810,Tillandsia cyanea,Bromeliaceae,pink quill,-5,low risk
1811,Tillandsia usneoides,Bromeliaceae,Spanish moss,9,high risk
1812,Tipuana tipu,Fabaceae,tipu tree,0,low risk
1813,Tithonia diversifolia,Asteraceae,Mexican sunflower,17,high risk
1814,Toona ciliata,Meliaceae,Australian red cedar,12,high risk
1815,Topobea parasitica,Melastomataceae,topobea,3,high risk*
1816,Torilis arvensis,Apiaceae,common Hedge Parsley,9,high risk
1817,Tournefortia argentea,Boraginaceae,tree heliotrope,4,evaluate**
1818,Trachelospermum jasminoides,Apocynaceae,confederate jasmine,-3,low risk
1820,Tradescantia fluminensis,Commelinaceae,wandering jew,17,high risk
1822,Tradescantia spathacea,Commelinaceae,boat-lily,11,high risk
1823,Trevesia palmata,Araliaceae,snowflake tree,5,evaluate
1824,Triadica sebifera,Euphorbiaceae,Chinese tallow,14,high risk
1827,Tribulus terrestris,Zygophyllaceae,puncture vine,11,high risk
1830,Triphasia trifolia,Rutaceae,limeberry,9,high risk
1831,Triplaris weigeltiana,Polygonaceae,long john,4,high risk*
1832,Tristellateia australasiae,Malpighiaceae,galphimia vine,-3,low risk
1836,Turbina corymbosa,Convolvulaceae,turbina,15,high risk
1837,Turnera ulmifolia,Turneraceae,yellow alder,10,high risk
1838,Typha latifolia,Typhaceae,common cattail,26,high risk
1840,Ulex europaeus,Fabaceae,gorse,20,high risk
1841,Ulmus parvifolia,Ulmaceae,Chinese elm,12,high risk
1842,Ulmus pumila,Ulmaceae,Siberian elm,9,high risk
1847,Urochloa mutica,Poaceae,para grass,12,high risk
1849,Vaccinium corymbosum hybrid,Ericaceae,southern highbush,2,evaluate
1850,Vaccinium virgatum,Ericaceae,southern black blueberry,2,evaluate
1851,Vachellia campechiana,Fabaceae,cubata,5,low risk*
1852,Vachellia xanthophloea,Fabaceae,fever tree,2,low risk*
1853,Vanda tricolor,Orchidaceae,,8,high risk
1855,Vanilla planifolia,Orchidaceae,vanilla,9,high risk
1856,Veitchia joannis,Arecaceae,Joannis palm,-1,low risk
1857,Veitchia merrillii,Arecaceae,Manila  palm,-2,low risk
1858,Veitchia montgomeryana,Arecaceae,Montgomery palm,-1,low risk
1859,Veitchia winin,Arecaceae,Winin palm,-4,low risk
1860,Verbascum thapsus,Scrophulariaceae,common mullein,11,high risk
1861,Verbesina encelioides,Asteraceae,golden crown-beard,19,high risk
1862,Verbesina turbacensis,Asteraceae,verbesina,5,evaluate
1865,Vigna speciosa,Fabaceae,prairie vetch,6,evaluate
1866,Vitex agnus-castus,Lamiaceae,chastetree,9,high risk
1867,Vitex parviflora,Lamiaceae,smallflower chastetree,9,high risk
1868,Vitex trifolia,Lamiaceae,"blue vitex, Indian privet",9,high risk**
1871,Wallaceodendron celebicum,Fabaceae,banuyo,0,low risk
1872,Washingtonia filifera,Arecaceae,Washington palm,11.5,high risk
1873,Washingtonia robusta,Arecaceae,Mexican fan palm,15,high risk
1876,Wisteria floribunda,Fabaceae,Japanese wisteria,12,high risk
1877,Wodyetia bifurcata,Arecaceae,foxtail palm,0,low risk
1878,Wollastonia biflora,Asteraceae,wedelia,0,low risk
1880,Xanthorrhoea preissii,Xanthorrhoeaceae,grass tree,-5,low risk
1881,Xanthosoma robustum,Araceae,elephant ear,3,evaluate
1882,Yucca guatemalensis,Agavaceae,bluestem yucca,6,low risk*
1883,Zamia furfuracea,Zamiaceae,cardboard plant,-2,low risk
1885,Zantedeschia aethiopica,Araceae,calla lily,15,high risk
1886,Zingiber zerumbet,Zingiberaceae,shampoo ginger,-1,low risk
1888,Ziziphus mauritiana,Rhamnaceae,chinee apple,9.5,high risk
1889,Zoysia japonica,Poaceae,Korean lawngrass,6,low risk*
1890,Zoysia tenuifolia,Poaceae,templegrass,-2,low risk
